Request_ID,Complaint_Type,Status,Borough,Neighborhood,Created_Date,Latitude,Longitude,Priority
1,Tree Fallen,Closed,Brooklyn,Bronx Park,2025-01-19,40.62061410331719,-73.8609720619415,High
2,Water Leakage,Closed,Bronx,Downtown,2025-01-16,40.71087225982803,-73.8014041281645,High
3,Streetlight Out,In Progress,Queens,Midtown,2025-01-28,40.73927155592177,-73.81495913198522,Low
4,Broken Sidewalk,In Progress,Queens,Queens Village,2025-03-11,40.81682132567164,-73.96687922508598,Low
5,Noise Complaint,Open,Staten Island,Chinatown,2025-02-16,40.79701884541648,-73.76773594913224,Low
6,Tree Fallen,Open,Staten Island,Brooklyn Heights,2025-01-19,40.81262969656875,-74.01269624757073,High
7,Tree Fallen,Closed,Queens,SoHo,2025-02-13,40.60250910456306,-73.78745991441366,High
8,Streetlight Out,In Progress,Staten Island,Chelsea,2025-01-17,40.66530021987416,-73.75871792511862,Low
9,Broken Sidewalk,In Progress,Bronx,Uptown,2025-03-19,40.798505286519955,-73.99685394303322,Low
10,Noise Complaint,Open,Manhattan,Harlem,2025-03-09,40.745196810453926,-73.83338018073886,Low
11,Water Leakage,Closed,Bronx,Midtown,2025-03-16,40.601594042700505,-74.0379143443666,High
12,Pothole,Closed,Queens,Brooklyn Heights,2025-04-01,40.84134839272954,-73.92837315245825,Medium
13,Noise Complaint,In Progress,Queens,Brooklyn Heights,2025-03-20,40.8318428719871,-73.8951150102407,Low
14,Streetlight Out,In Progress,Bronx,Chelsea,2025-03-12,40.764525748898066,-73.87580643222711,Low
15,Tree Fallen,In Progress,Staten Island,SoHo,2025-01-20,40.61993899773288,-73.76921882552543,High
16,Water Leakage,Closed,Staten Island,Bronx Park,2025-03-04,40.82995451485977,-73.84832479381174,High
17,Noise Complaint,Closed,Queens,Midtown,2025-03-11,40.77511407631941,-73.90561661463423,Low
18,Pothole,Closed,Brooklyn,Chinatown,2025-03-01,40.83458799314739,-73.80709748912024,Medium
19,Pothole,Open,Staten Island,Chelsea,2025-02-25,40.82552409771875,-73.76484015371368,Medium
20,Garbage Overflow,In Progress,Bronx,Chinatown,2025-01-19,40.84090062158735,-74.04338015539531,Medium
21,Garbage Overflow,In Progress,Staten Island,Downtown,2025-03-17,40.75540241992139,-73.75524361832319,Medium
22,Graffiti,In Progress,Bronx,Bronx Park,2025-03-11,40.642097355458056,-74.0241603582809,Low
23,Streetlight Out,In Progress,Queens,Downtown,2025-03-23,40.801347242013904,-73.80568396621938,Low
24,Broken Sidewalk,Closed,Staten Island,Harlem,2025-04-01,40.78614213551559,-73.96589957423457,Low
25,Noise Complaint,Closed,Bronx,Downtown,2025-02-25,40.82267595615973,-74.01034610267384,Low
26,Noise Complaint,In Progress,Queens,Bronx Park,2025-02-13,40.65096430181522,-73.91804330808584,Low
27,Broken Sidewalk,In Progress,Brooklyn,Bronx Park,2025-01-01,40.658492559970085,-73.85681302616571,Low
28,Graffiti,Closed,Bronx,Downtown,2025-01-03,40.867122855165796,-73.93571444649295,Low
29,Tree Fallen,Closed,Brooklyn,Midtown,2025-01-26,40.824993339535624,-74.0336303775152,High
30,Tree Fallen,Open,Brooklyn,Brooklyn Heights,2025-01-26,40.872468546610094,-73.87016165810239,High
31,Graffiti,In Progress,Manhattan,Midtown,2025-02-09,40.82761459634918,-73.7792790171668,Low
32,Tree Fallen,Closed,Staten Island,Uptown,2025-03-27,40.77914659179709,-73.93503539021582,High
33,Garbage Overflow,Closed,Bronx,Brooklyn Heights,2025-01-03,40.79623982110836,-73.98510016671075,Medium
34,Noise Complaint,Closed,Brooklyn,SoHo,2025-02-25,40.866738377182,-73.91722679622015,Low
35,Graffiti,Closed,Manhattan,Downtown,2025-01-28,40.773642026353585,-74.03549118668536,Low
36,Noise Complaint,Closed,Queens,Downtown,2025-02-14,40.78971739729852,-73.80385372465592,Low
37,Broken Sidewalk,Open,Bronx,Midtown,2025-02-25,40.64694301480108,-73.80209775671494,Low
38,Pothole,Closed,Brooklyn,Chelsea,2025-01-30,40.74217636603483,-73.87359986097111,Medium
39,Garbage Overflow,Closed,Staten Island,Bronx Park,2025-01-23,40.81491913358743,-73.94406913331848,Medium
40,Water Leakage,Closed,Manhattan,Bronx Park,2025-01-23,40.68128280949491,-73.81006499066626,High
41,Garbage Overflow,Closed,Brooklyn,Midtown,2025-03-08,40.66067625415736,-73.88359389256348,Medium
42,Graffiti,In Progress,Staten Island,Queens Village,2025-01-04,40.694148042467326,-73.802220307435,Low
43,Water Leakage,Closed,Brooklyn,Downtown,2025-01-06,40.67245018839785,-73.8605623622251,High
44,Pothole,Closed,Bronx,Bronx Park,2025-02-21,40.66447379111092,-73.81467835803616,Medium
45,Graffiti,In Progress,Bronx,Chelsea,2025-02-20,40.72745525286042,-73.87043110203467,Low
46,Streetlight Out,Closed,Bronx,Bronx Park,2025-03-01,40.87235155416506,-73.9257576795353,Low
47,Noise Complaint,Open,Manhattan,Chinatown,2025-01-01,40.752117894021616,-73.76261624202216,Low
48,Pothole,Open,Bronx,SoHo,2025-01-26,40.6563761142446,-73.88766585253634,Medium
49,Noise Complaint,Closed,Staten Island,Uptown,2025-03-18,40.62309150081426,-73.86847314443784,Low
50,Tree Fallen,Closed,Brooklyn,Chelsea,2025-02-02,40.808846843541374,-73.98385370817557,High
51,Streetlight Out,Closed,Queens,Downtown,2025-02-04,40.71483962933092,-73.86230476317182,Low
52,Streetlight Out,Closed,Staten Island,Queens Village,2025-03-20,40.846549283975605,-73.87851770515512,Low
53,Pothole,Open,Staten Island,Uptown,2025-03-26,40.79785323059223,-73.99454848061589,Medium
54,Streetlight Out,Open,Bronx,Downtown,2025-01-12,40.83887243516241,-74.03212387079405,Low
55,Water Leakage,Closed,Manhattan,Brooklyn Heights,2025-01-26,40.68158381182553,-73.86869220408556,High
56,Streetlight Out,Closed,Brooklyn,Harlem,2025-01-15,40.80770767673832,-73.8208923191949,Low
57,Noise Complaint,Closed,Manhattan,Brooklyn Heights,2025-01-23,40.679218595408116,-73.89297958872339,Low
58,Noise Complaint,Closed,Brooklyn,Queens Village,2025-03-04,40.88172054383509,-73.9819682124041,Low
59,Graffiti,In Progress,Brooklyn,Downtown,2025-03-10,40.79091228446001,-73.85004340699209,Low
60,Noise Complaint,Closed,Manhattan,Uptown,2025-02-01,40.6973535400526,-74.02596828201712,Low
61,Graffiti,Closed,Staten Island,Queens Village,2025-01-22,40.68085355868768,-73.91744988855942,Low
62,Noise Complaint,Closed,Brooklyn,Midtown,2025-02-08,40.657277975521495,-74.00098997248047,Low
63,Water Leakage,Closed,Manhattan,SoHo,2025-01-28,40.80839228766812,-73.99466228468204,High
64,Broken Sidewalk,Closed,Brooklyn,Bronx Park,2025-02-11,40.66561468389938,-73.98931181525253,Low
65,Graffiti,In Progress,Queens,Chinatown,2025-03-27,40.778590979778244,-73.93398788288681,Low
66,Garbage Overflow,In Progress,Staten Island,Bronx Park,2025-03-05,40.67939050807761,-74.03465493831388,Medium
67,Tree Fallen,Open,Bronx,Brooklyn Heights,2025-01-29,40.79859068343816,-73.93066196772126,High
68,Pothole,In Progress,Brooklyn,Bronx Park,2025-01-12,40.84448191856216,-73.89648776586559,Medium
69,Noise Complaint,Closed,Queens,Harlem,2025-01-15,40.83340757294339,-73.9050117145101,Low
70,Streetlight Out,Closed,Bronx,Midtown,2025-02-08,40.828255399279236,-73.93516476987908,Low
71,Broken Sidewalk,Closed,Bronx,SoHo,2025-01-01,40.656316721707675,-73.79825601757878,Low
72,Noise Complaint,In Progress,Brooklyn,Brooklyn Heights,2025-02-14,40.62651548409536,-74.00640199227385,Low
73,Streetlight Out,Closed,Manhattan,SoHo,2025-02-18,40.80968464854622,-73.89829097686558,Low
74,Tree Fallen,Closed,Brooklyn,Chinatown,2025-01-15,40.71050416413831,-74.03138757491303,High
75,Tree Fallen,Closed,Queens,Chinatown,2025-03-09,40.729703867921,-74.02865329633663,High
76,Tree Fallen,Closed,Bronx,Chelsea,2025-01-06,40.60934472783802,-73.87784024509688,High
77,Streetlight Out,Open,Brooklyn,Brooklyn Heights,2025-01-01,40.67787293478251,-73.88019447253365,Low
78,Noise Complaint,Open,Manhattan,Midtown,2025-01-09,40.61010292116234,-73.78658994614666,Low
79,Tree Fallen,Open,Brooklyn,Queens Village,2025-01-26,40.86375573178037,-73.88263789730198,High
80,Water Leakage,Open,Staten Island,Midtown,2025-02-18,40.67301900496556,-73.76206269387855,High
81,Graffiti,Open,Manhattan,Bronx Park,2025-03-20,40.767201150871905,-74.03539154548002,Low
82,Streetlight Out,Closed,Queens,SoHo,2025-02-01,40.61169379619834,-74.02059769456578,Low
83,Streetlight Out,Open,Bronx,Bronx Park,2025-03-18,40.8000542173917,-74.03678024152889,Low
84,Noise Complaint,Closed,Brooklyn,Midtown,2025-01-19,40.69690820372623,-73.99441694489994,Low
85,Streetlight Out,In Progress,Manhattan,Uptown,2025-01-25,40.8693757560873,-73.8876189667175,Low
86,Streetlight Out,Closed,Staten Island,Brooklyn Heights,2025-01-05,40.86643545668021,-73.85632834557177,Low
87,Tree Fallen,Closed,Manhattan,Uptown,2025-03-31,40.697587185508524,-74.0363244526154,High
88,Noise Complaint,Open,Staten Island,Chinatown,2025-01-17,40.87028826870714,-73.76620873304633,Low
89,Tree Fallen,Open,Queens,Midtown,2025-01-25,40.89884730204963,-73.79735038700488,High
90,Graffiti,Open,Bronx,Uptown,2025-01-11,40.84762469923719,-73.96101625535287,Low
91,Broken Sidewalk,Open,Queens,Downtown,2025-03-24,40.853461404326566,-74.02684374093205,Low
92,Graffiti,Closed,Brooklyn,Bronx Park,2025-02-16,40.674702620832726,-73.99903387803428,Low
93,Broken Sidewalk,Open,Manhattan,Bronx Park,2025-03-30,40.77301071965733,-74.01191667587351,Low
94,Tree Fallen,Open,Staten Island,Midtown,2025-01-13,40.62017677419021,-74.01301486621031,High
95,Graffiti,Open,Staten Island,Downtown,2025-02-21,40.6284753810465,-73.89443149340028,Low
96,Noise Complaint,Closed,Manhattan,Brooklyn Heights,2025-03-27,40.899667783609985,-73.97624576725198,Low
97,Pothole,Closed,Manhattan,Midtown,2025-02-08,40.69799177482778,-73.94255808504126,Medium
98,Tree Fallen,Closed,Brooklyn,Bronx Park,2025-01-03,40.82445517361465,-73.75314839998471,High
99,Broken Sidewalk,Closed,Queens,Bronx Park,2025-03-04,40.84199951590804,-73.8447057253224,Low
100,Water Leakage,Closed,Staten Island,Midtown,2025-02-16,40.85740698130217,-73.7653057998859,High
101,Broken Sidewalk,Open,Brooklyn,Uptown,2025-01-13,40.899288489220645,-74.00723303349007,Low
102,Water Leakage,Closed,Queens,Chelsea,2025-04-01,40.67244894557706,-73.93535815755023,High
103,Streetlight Out,Closed,Brooklyn,Brooklyn Heights,2025-03-05,40.61210524805791,-73.88358045901529,Low
104,Graffiti,Open,Staten Island,Bronx Park,2025-01-05,40.72335745539838,-74.02697258143337,Low
105,Water Leakage,In Progress,Manhattan,Uptown,2025-01-01,40.63902420094868,-74.04874376691161,High
106,Broken Sidewalk,In Progress,Manhattan,Brooklyn Heights,2025-03-23,40.60672776674862,-73.84886969986093,Low
107,Streetlight Out,Open,Queens,Downtown,2025-02-04,40.70812804814245,-73.85745414495956,Low
108,Pothole,Closed,Bronx,Queens Village,2025-01-15,40.83512147532257,-73.92676335700011,Medium
109,Noise Complaint,In Progress,Queens,Chelsea,2025-03-28,40.76985420736752,-73.90310677719039,Low
110,Noise Complaint,Closed,Bronx,Midtown,2025-03-16,40.693833396763104,-73.92536709982237,Low
111,Noise Complaint,Open,Brooklyn,Downtown,2025-03-03,40.79630260164782,-74.04279848654653,Low
112,Water Leakage,Closed,Brooklyn,Downtown,2025-01-14,40.66960545409265,-73.94938851813475,High
113,Pothole,Closed,Staten Island,Midtown,2025-01-28,40.60431443382163,-73.9968753233808,Medium
114,Water Leakage,Closed,Bronx,Uptown,2025-02-03,40.829306015930925,-74.0204727432696,High
115,Graffiti,Closed,Staten Island,Downtown,2025-03-06,40.7871229254592,-73.76298386983319,Low
116,Water Leakage,Closed,Manhattan,SoHo,2025-02-28,40.82869078735029,-73.87019208248735,High
117,Pothole,Closed,Bronx,Brooklyn Heights,2025-02-02,40.6116814050063,-73.83140311472901,Medium
118,Pothole,Closed,Queens,Harlem,2025-01-20,40.8511358883492,-73.95539087702016,Medium
119,Graffiti,Open,Manhattan,Chelsea,2025-03-31,40.78585786001089,-73.9320558611518,Low
120,Pothole,Closed,Manhattan,Downtown,2025-03-12,40.769018605213795,-73.97892280183098,Medium
121,Broken Sidewalk,Closed,Queens,Chelsea,2025-01-03,40.78738421443436,-74.02091029871038,Low
122,Pothole,In Progress,Manhattan,Midtown,2025-01-21,40.85932997406051,-73.99629050876753,Medium
123,Noise Complaint,Closed,Bronx,Chinatown,2025-03-03,40.77608095196767,-73.81074578641105,Low
124,Broken Sidewalk,Closed,Staten Island,Bronx Park,2025-02-02,40.77428511396646,-73.84673625844486,Low
125,Broken Sidewalk,Open,Manhattan,Chinatown,2025-02-19,40.897203747119725,-73.88592133720435,Low
126,Graffiti,Closed,Bronx,Chelsea,2025-01-06,40.82701905012057,-73.90747303813997,Low
127,Garbage Overflow,Closed,Brooklyn,Harlem,2025-03-23,40.73268814163534,-73.77326971490317,Medium
128,Garbage Overflow,Closed,Bronx,Chelsea,2025-01-02,40.81221910000988,-74.0281795156664,Medium
129,Pothole,Closed,Staten Island,Midtown,2025-03-30,40.716769141507534,-73.96581975602862,Medium
130,Broken Sidewalk,Closed,Bronx,Midtown,2025-01-21,40.66866263874505,-73.94501864392879,Low
131,Garbage Overflow,Open,Queens,Midtown,2025-01-01,40.77905556306633,-73.81527225633616,Medium
132,Garbage Overflow,Closed,Staten Island,Queens Village,2025-01-18,40.87845462943418,-73.7522456139514,Medium
133,Pothole,Closed,Brooklyn,Uptown,2025-02-17,40.87874185600464,-73.97779884557285,Medium
134,Garbage Overflow,Closed,Queens,Queens Village,2025-01-01,40.70257158343165,-73.78770779975888,Medium
135,Water Leakage,Open,Bronx,Queens Village,2025-03-25,40.75830323986651,-73.80081317187046,High
136,Streetlight Out,In Progress,Staten Island,SoHo,2025-03-13,40.663490769570956,-73.98260278070747,Low
137,Graffiti,Closed,Brooklyn,Chinatown,2025-01-19,40.89868933284966,-73.93020022594023,Low
138,Streetlight Out,Closed,Queens,Brooklyn Heights,2025-01-17,40.89433537236038,-73.92709813921225,Low
139,Pothole,Closed,Brooklyn,Midtown,2025-03-25,40.794852678912235,-73.75653379944204,Medium
140,Noise Complaint,Closed,Bronx,Harlem,2025-02-13,40.84132421790324,-73.99573242958633,Low
141,Graffiti,Open,Brooklyn,Uptown,2025-03-22,40.81453004838511,-73.81025260866856,Low
142,Pothole,Closed,Manhattan,Downtown,2025-01-11,40.77794746571184,-73.94974218574806,Medium
143,Broken Sidewalk,Closed,Queens,Midtown,2025-01-21,40.61600439909667,-73.83073889626715,Low
144,Noise Complaint,Closed,Brooklyn,Harlem,2025-03-16,40.7364293027658,-73.9239966987113,Low
145,Streetlight Out,Closed,Bronx,Chelsea,2025-03-15,40.80243589065022,-73.87649207106503,Low
146,Pothole,Open,Bronx,Queens Village,2025-01-15,40.8032594841651,-73.80021646800216,Medium
147,Broken Sidewalk,Closed,Brooklyn,Midtown,2025-03-11,40.71193678552672,-73.80875033050484,Low
148,Graffiti,Closed,Bronx,Queens Village,2025-01-23,40.88250759599741,-73.79007304493808,Low
149,Graffiti,Closed,Staten Island,Uptown,2025-01-16,40.65020710967104,-74.0321148023966,Low
150,Tree Fallen,Closed,Staten Island,Brooklyn Heights,2025-03-07,40.75010783386467,-73.84238483408808,High
151,Broken Sidewalk,Closed,Staten Island,Bronx Park,2025-02-07,40.80726519296525,-74.00800378698347,Low
152,Water Leakage,In Progress,Manhattan,Brooklyn Heights,2025-03-19,40.80914074176754,-73.92525442959447,High
153,Garbage Overflow,Closed,Brooklyn,Brooklyn Heights,2025-02-28,40.794591687030646,-73.88542347548359,Medium
154,Noise Complaint,Closed,Manhattan,Chelsea,2025-03-18,40.68258646403556,-73.92917815457595,Low
155,Broken Sidewalk,Open,Bronx,Chinatown,2025-02-04,40.64686197060599,-73.89411649725909,Low
156,Tree Fallen,Open,Manhattan,Bronx Park,2025-03-15,40.79078209804801,-73.75104210736042,High
157,Garbage Overflow,Closed,Bronx,Queens Village,2025-03-29,40.77979063484183,-74.00943480588614,Medium
158,Garbage Overflow,Open,Bronx,Bronx Park,2025-01-05,40.65380680308677,-73.84736318639906,Medium
159,Pothole,Open,Queens,Uptown,2025-03-30,40.81154174367117,-73.93119971008431,Medium
160,Garbage Overflow,Closed,Staten Island,Midtown,2025-02-28,40.7365515975201,-74.0100970603278,Medium
161,Water Leakage,Open,Bronx,Downtown,2025-02-11,40.80032817748094,-74.0023789709877,High
162,Graffiti,In Progress,Queens,Brooklyn Heights,2025-01-05,40.85121012393105,-73.76521806812632,Low
163,Tree Fallen,Open,Staten Island,Queens Village,2025-02-22,40.65091852857308,-73.78611955098647,High
164,Garbage Overflow,Closed,Bronx,Harlem,2025-01-28,40.605743460399054,-73.7778874118755,Medium
165,Pothole,Closed,Bronx,Chelsea,2025-03-20,40.83373077591874,-73.75254016725178,Medium
166,Water Leakage,In Progress,Manhattan,Chelsea,2025-03-30,40.78290922754579,-73.98750538299744,High
167,Streetlight Out,Open,Manhattan,SoHo,2025-02-11,40.80989187088664,-73.94336819879078,Low
168,Graffiti,Closed,Staten Island,Queens Village,2025-01-23,40.85144649249659,-73.84923429102254,Low
169,Graffiti,In Progress,Bronx,Chinatown,2025-02-24,40.84084328044735,-73.90485923804181,Low
170,Tree Fallen,In Progress,Brooklyn,Uptown,2025-02-06,40.888276044078644,-73.92448313998649,High
171,Graffiti,In Progress,Manhattan,SoHo,2025-01-04,40.76078052365563,-73.94265662519932,Low
172,Garbage Overflow,Closed,Staten Island,Uptown,2025-02-09,40.74654868979797,-73.87186581041696,Medium
173,Pothole,Open,Bronx,SoHo,2025-03-15,40.72056615996722,-73.87732197140798,Medium
174,Graffiti,Closed,Bronx,Harlem,2025-03-28,40.64610731285326,-74.00156264978072,Low
175,Graffiti,In Progress,Brooklyn,Chinatown,2025-01-14,40.77178216986461,-73.90847804874447,Low
176,Streetlight Out,Closed,Staten Island,Chelsea,2025-02-22,40.68310375729779,-73.88395846713705,Low
177,Streetlight Out,Closed,Bronx,Uptown,2025-03-07,40.876392253663894,-73.87891391838058,Low
178,Noise Complaint,Closed,Manhattan,Brooklyn Heights,2025-04-01,40.774957241283126,-73.98696784212629,Low
179,Water Leakage,Closed,Brooklyn,Chelsea,2025-02-06,40.77785205415243,-73.82731858232431,High
180,Garbage Overflow,Open,Staten Island,Brooklyn Heights,2025-02-26,40.706477398263104,-74.04244027155367,Medium
181,Graffiti,Closed,Brooklyn,Chinatown,2025-03-15,40.61559680559331,-73.94355044333705,Low
182,Broken Sidewalk,Closed,Manhattan,Queens Village,2025-02-08,40.6095231296119,-73.81593620543931,Low
183,Graffiti,Closed,Staten Island,Midtown,2025-03-06,40.72700054324596,-73.88083212368338,Low
184,Pothole,Closed,Brooklyn,Harlem,2025-03-25,40.62536961342917,-73.97165127024674,Medium
185,Noise Complaint,Open,Queens,Uptown,2025-03-16,40.78205408666204,-73.84151406419709,Low
186,Water Leakage,Closed,Manhattan,SoHo,2025-03-03,40.8642919016919,-73.87978271675318,High
187,Broken Sidewalk,Closed,Manhattan,Midtown,2025-03-27,40.86487444495562,-73.81112691716308,Low
188,Noise Complaint,Closed,Manhattan,Queens Village,2025-01-17,40.79771362303967,-73.82949244414306,Low
189,Tree Fallen,Open,Queens,Brooklyn Heights,2025-01-21,40.66336954944188,-73.86696762338913,High
190,Water Leakage,Closed,Queens,Queens Village,2025-01-19,40.85889904940766,-73.90354669740675,High
191,Graffiti,Closed,Bronx,Chinatown,2025-03-21,40.86582803059396,-74.01004536229973,Low
192,Graffiti,Open,Brooklyn,Chelsea,2025-03-16,40.65899607548589,-73.97160009463438,Low
193,Water Leakage,Closed,Bronx,Brooklyn Heights,2025-01-14,40.8212278257312,-73.92427015812487,High
194,Graffiti,Open,Brooklyn,Chinatown,2025-02-15,40.685955864678135,-73.87021021389808,Low
195,Garbage Overflow,Open,Queens,SoHo,2025-03-04,40.84079209370588,-73.8958876434354,Medium
196,Water Leakage,In Progress,Queens,Queens Village,2025-03-04,40.89917136997108,-73.96354464221214,High
197,Noise Complaint,Closed,Bronx,Chelsea,2025-01-29,40.60900780159882,-74.04806069266309,Low
198,Water Leakage,In Progress,Staten Island,Uptown,2025-01-06,40.86920975973728,-73.90112823342976,High
199,Broken Sidewalk,Closed,Bronx,Downtown,2025-01-05,40.7867891600796,-73.96431220343132,Low
200,Graffiti,Closed,Brooklyn,Chinatown,2025-03-11,40.892014785749446,-73.82961750978684,Low
201,Garbage Overflow,Closed,Bronx,Brooklyn Heights,2025-01-05,40.73950285525793,-74.04281612041885,Medium
202,Garbage Overflow,Closed,Manhattan,Chinatown,2025-02-03,40.85421637917141,-73.87455165660826,Medium
203,Tree Fallen,Closed,Brooklyn,Chinatown,2025-02-02,40.61871822057948,-73.76755772874819,High
204,Noise Complaint,Closed,Brooklyn,Downtown,2025-02-04,40.70058371502349,-73.99767721986655,Low
205,Streetlight Out,Closed,Staten Island,Chinatown,2025-01-05,40.62010496132537,-73.90850515277482,Low
206,Streetlight Out,In Progress,Queens,Brooklyn Heights,2025-02-16,40.89260294004372,-74.02257340245485,Low
207,Water Leakage,In Progress,Brooklyn,Queens Village,2025-03-16,40.84509217218155,-73.8622954263216,High
208,Tree Fallen,In Progress,Queens,Bronx Park,2025-01-28,40.85576422637379,-73.88484049582114,High
209,Pothole,Open,Bronx,Chelsea,2025-02-28,40.88138956943017,-73.92779034273615,Medium
210,Water Leakage,Closed,Manhattan,Downtown,2025-02-18,40.625531045835935,-73.89358689355788,High
211,Tree Fallen,In Progress,Staten Island,Brooklyn Heights,2025-02-18,40.715679277754,-73.7810276024593,High
212,Noise Complaint,Open,Queens,Bronx Park,2025-03-31,40.621310466713204,-73.99111170930668,Low
213,Noise Complaint,Open,Brooklyn,SoHo,2025-01-10,40.66323793046501,-74.0432306464884,Low
214,Noise Complaint,Closed,Queens,Bronx Park,2025-03-01,40.6688097331113,-73.79150053459027,Low
215,Noise Complaint,Closed,Brooklyn,Uptown,2025-01-07,40.74073216331428,-73.87686487528363,Low
216,Noise Complaint,In Progress,Queens,Harlem,2025-02-20,40.68056865023609,-73.78280246336145,Low
217,Tree Fallen,Open,Brooklyn,Midtown,2025-03-03,40.63029343204533,-73.87091643297605,High
218,Tree Fallen,Closed,Bronx,Chinatown,2025-01-26,40.650247326728234,-73.8069516730121,High
219,Garbage Overflow,Closed,Brooklyn,Harlem,2025-02-05,40.64418266906563,-73.92109799099346,Medium
220,Broken Sidewalk,Open,Brooklyn,Uptown,2025-01-28,40.89192303937369,-73.82504202061352,Low
221,Streetlight Out,Open,Manhattan,Chelsea,2025-01-15,40.827787752075544,-73.77608755993305,Low
222,Graffiti,In Progress,Brooklyn,Downtown,2025-01-30,40.89032843958087,-73.87836311088334,Low
223,Noise Complaint,Closed,Manhattan,Chelsea,2025-03-30,40.731922145952375,-73.99576445483129,Low
224,Pothole,Closed,Staten Island,Bronx Park,2025-03-26,40.683510544498795,-73.96936071549094,Medium
225,Graffiti,Closed,Manhattan,Chinatown,2025-03-24,40.83948795916275,-73.99040662693078,Low
226,Tree Fallen,In Progress,Bronx,Harlem,2025-01-14,40.69787617541235,-73.97594289172127,High
227,Pothole,Closed,Manhattan,Downtown,2025-01-01,40.6898150121116,-73.95807536519469,Medium
228,Pothole,In Progress,Staten Island,SoHo,2025-02-21,40.66975179766235,-73.88345986397404,Medium
229,Pothole,Closed,Bronx,Chinatown,2025-03-08,40.63890369346727,-73.87360251116085,Medium
230,Garbage Overflow,Closed,Queens,SoHo,2025-03-24,40.676938918305034,-73.92205007582744,Medium
231,Tree Fallen,Closed,Queens,Uptown,2025-01-02,40.706595924542164,-73.86537376605375,High
232,Pothole,Closed,Manhattan,SoHo,2025-02-26,40.80219826244372,-74.0255275223166,Medium
233,Noise Complaint,Closed,Manhattan,SoHo,2025-01-18,40.61876945266584,-74.02366352888255,Low
234,Water Leakage,Closed,Staten Island,Bronx Park,2025-01-17,40.663152081899604,-73.9984511618927,High
235,Pothole,Closed,Staten Island,SoHo,2025-01-03,40.8427070920875,-73.8945767505879,Medium
236,Garbage Overflow,In Progress,Brooklyn,Chinatown,2025-02-23,40.64407657707513,-73.9858015963905,Medium
237,Graffiti,Closed,Staten Island,Bronx Park,2025-03-20,40.70279354395676,-73.96501467895223,Low
238,Tree Fallen,Closed,Brooklyn,Downtown,2025-03-14,40.85939767655744,-73.9299061491481,High
239,Broken Sidewalk,In Progress,Bronx,Brooklyn Heights,2025-01-27,40.646477593343036,-73.80644016279689,Low
240,Garbage Overflow,Closed,Manhattan,Downtown,2025-01-05,40.624821050685455,-74.04584135922615,Medium
241,Pothole,Open,Bronx,Brooklyn Heights,2025-03-20,40.745361398524004,-73.85518635392901,Medium
242,Tree Fallen,In Progress,Staten Island,Brooklyn Heights,2025-03-21,40.69072585338356,-73.8493370406878,High
243,Water Leakage,Closed,Bronx,Downtown,2025-01-19,40.769022509345156,-73.81040326589302,High
244,Pothole,Closed,Bronx,Midtown,2025-03-05,40.84114146714504,-73.7701741182819,Medium
245,Garbage Overflow,Open,Bronx,Downtown,2025-01-08,40.64114454644582,-74.04395864531521,Medium
246,Streetlight Out,Closed,Staten Island,Chinatown,2025-01-15,40.77420972536628,-74.00386488834603,Low
247,Noise Complaint,Closed,Bronx,Chelsea,2025-03-06,40.75165262811696,-73.7841486117832,Low
248,Broken Sidewalk,Closed,Brooklyn,Downtown,2025-02-13,40.64322363580396,-73.9124444313439,Low
249,Graffiti,In Progress,Staten Island,Chelsea,2025-03-08,40.787199545658694,-73.88062280831996,Low
250,Garbage Overflow,Closed,Bronx,Queens Village,2025-01-26,40.68209212535823,-73.85109183888305,Medium
251,Tree Fallen,Open,Staten Island,Harlem,2025-01-27,40.746350295563204,-73.84628001865131,High
252,Broken Sidewalk,Closed,Queens,Downtown,2025-01-05,40.62468169728312,-73.77047787900504,Low
253,Broken Sidewalk,Closed,Brooklyn,Queens Village,2025-02-06,40.73787521716409,-73.7509151747765,Low
254,Broken Sidewalk,Closed,Bronx,SoHo,2025-02-26,40.69193904041285,-73.83395276172072,Low
255,Pothole,Open,Queens,SoHo,2025-03-10,40.8467143633556,-73.96383363723845,Medium
256,Noise Complaint,Closed,Queens,Downtown,2025-03-09,40.61709361809921,-73.78607427931169,Low
257,Pothole,Closed,Staten Island,Downtown,2025-03-27,40.7255821824755,-74.03523372563777,Medium
258,Tree Fallen,In Progress,Queens,Brooklyn Heights,2025-01-23,40.73752942723943,-73.98067574413764,High
259,Pothole,Closed,Brooklyn,Harlem,2025-03-30,40.81750182288973,-73.78078428476088,Medium
260,Streetlight Out,In Progress,Brooklyn,Harlem,2025-03-15,40.77228627252706,-73.9731425456682,Low
261,Noise Complaint,Open,Manhattan,Harlem,2025-03-31,40.800163701158255,-73.98380468211347,Low
262,Noise Complaint,In Progress,Brooklyn,Chinatown,2025-01-08,40.83311478569553,-74.00856241205793,Low
263,Tree Fallen,Open,Queens,Chelsea,2025-02-23,40.858660892097454,-73.79226647270592,High
264,Graffiti,Closed,Brooklyn,Brooklyn Heights,2025-03-25,40.69416264901674,-73.89998252224267,Low
265,Streetlight Out,Closed,Staten Island,Chelsea,2025-03-19,40.76140681160917,-73.84753203908376,Low
266,Garbage Overflow,Open,Manhattan,Midtown,2025-02-23,40.85203242353176,-73.9782800847775,Medium
267,Pothole,Closed,Queens,Brooklyn Heights,2025-03-19,40.89683533928952,-73.82258787369663,Medium
268,Water Leakage,Closed,Manhattan,Harlem,2025-03-26,40.86685579331313,-73.82199833651137,High
269,Pothole,Closed,Queens,Bronx Park,2025-02-26,40.71144017878731,-73.9562205925275,Medium
270,Broken Sidewalk,Closed,Staten Island,Chelsea,2025-03-30,40.6585499551656,-73.92679521009691,Low
271,Pothole,Closed,Manhattan,Bronx Park,2025-02-12,40.746817761221976,-73.98709291677093,Medium
272,Garbage Overflow,Closed,Bronx,Midtown,2025-02-04,40.822492435550814,-73.75703169300313,Medium
273,Pothole,Closed,Queens,Bronx Park,2025-02-11,40.74777072122599,-73.85631922688248,Medium
274,Streetlight Out,Closed,Bronx,Uptown,2025-01-08,40.7449542589941,-73.76963683578535,Low
275,Streetlight Out,Open,Manhattan,Chinatown,2025-02-03,40.85146912632454,-73.95898433691126,Low
276,Noise Complaint,In Progress,Bronx,Queens Village,2025-02-06,40.70842113372016,-73.81543272610094,Low
277,Tree Fallen,Closed,Bronx,Brooklyn Heights,2025-01-06,40.857938402443494,-73.82024240683458,High
278,Graffiti,Closed,Manhattan,Queens Village,2025-02-05,40.722041440285516,-73.84250330444004,Low
279,Water Leakage,Closed,Staten Island,Bronx Park,2025-03-11,40.6984699317035,-73.76030830741996,High
280,Broken Sidewalk,In Progress,Bronx,Downtown,2025-02-05,40.73619697335991,-73.9319333991681,Low
281,Pothole,Open,Bronx,Bronx Park,2025-02-28,40.82873408760246,-74.01078480292307,Medium
282,Pothole,Closed,Staten Island,Harlem,2025-01-26,40.6378006083592,-73.84848734222678,Medium
283,Garbage Overflow,Closed,Bronx,SoHo,2025-01-19,40.658925764761605,-73.83120705985684,Medium
284,Tree Fallen,Closed,Bronx,Chinatown,2025-03-21,40.88543344769893,-73.87748182796236,High
285,Streetlight Out,Open,Bronx,Chinatown,2025-02-04,40.652647488214406,-73.98795463205998,Low
286,Water Leakage,In Progress,Brooklyn,Queens Village,2025-03-16,40.77031819537932,-73.89866321749919,High
287,Noise Complaint,In Progress,Staten Island,Queens Village,2025-03-04,40.77379433999858,-73.95634307902925,Low
288,Streetlight Out,Closed,Bronx,Uptown,2025-03-31,40.746887338615075,-73.92176004154999,Low
289,Broken Sidewalk,Closed,Staten Island,SoHo,2025-03-26,40.79342357457305,-73.8564344272466,Low
290,Tree Fallen,In Progress,Queens,Harlem,2025-01-16,40.66894801773929,-73.82643557719275,High
291,Broken Sidewalk,Closed,Queens,Brooklyn Heights,2025-01-26,40.76579868033303,-73.9803325927296,Low
292,Graffiti,Open,Bronx,Harlem,2025-03-08,40.71165197657407,-73.92840239180592,Low
293,Noise Complaint,Closed,Staten Island,Uptown,2025-03-01,40.798500177888755,-73.96925152870251,Low
294,Graffiti,Closed,Staten Island,Bronx Park,2025-02-11,40.642367063011946,-73.99041051584143,Low
295,Garbage Overflow,Closed,Staten Island,Downtown,2025-02-04,40.77126322505184,-73.81498383400125,Medium
296,Broken Sidewalk,Closed,Brooklyn,SoHo,2025-03-26,40.655581106614996,-73.7772241916689,Low
297,Garbage Overflow,In Progress,Queens,Midtown,2025-02-08,40.68359291893451,-73.93893034429462,Medium
298,Pothole,In Progress,Staten Island,Downtown,2025-02-22,40.66561294009708,-73.82461632268787,Medium
299,Graffiti,Closed,Staten Island,Queens Village,2025-03-12,40.65485133396064,-73.78090141319068,Low
300,Tree Fallen,Open,Brooklyn,Downtown,2025-02-16,40.8477132854682,-73.79616273684093,High
301,Broken Sidewalk,In Progress,Brooklyn,Harlem,2025-01-31,40.68571227029827,-73.99515598343822,Low
302,Water Leakage,In Progress,Staten Island,SoHo,2025-01-03,40.87813713455933,-73.76311243554599,High
303,Noise Complaint,Open,Manhattan,Downtown,2025-03-16,40.89097795760355,-73.93699706787116,Low
304,Streetlight Out,In Progress,Staten Island,Chinatown,2025-03-20,40.77137814098113,-73.94822780164785,Low
305,Tree Fallen,In Progress,Staten Island,Downtown,2025-02-05,40.64290033679972,-74.03127060181666,High
306,Tree Fallen,Closed,Brooklyn,Harlem,2025-03-22,40.71236447301388,-73.90414790376853,High
307,Garbage Overflow,Closed,Brooklyn,SoHo,2025-03-16,40.83931967900446,-74.01729591530771,Medium
308,Graffiti,Closed,Staten Island,Midtown,2025-01-30,40.710217218609124,-73.97543805372177,Low
309,Broken Sidewalk,Open,Staten Island,Downtown,2025-02-04,40.626105165490834,-73.95491721346981,Low
310,Broken Sidewalk,Closed,Staten Island,Midtown,2025-01-30,40.767035473278455,-73.80735210295249,Low
311,Pothole,In Progress,Brooklyn,Harlem,2025-01-11,40.85353625544881,-73.78735340488123,Medium
312,Pothole,Open,Staten Island,Chinatown,2025-02-23,40.83877791614305,-73.95926010476155,Medium
313,Noise Complaint,Closed,Staten Island,Midtown,2025-01-28,40.652536942039106,-73.79239056362663,Low
314,Garbage Overflow,Closed,Bronx,SoHo,2025-01-18,40.80182938432374,-73.79283071878906,Medium
315,Tree Fallen,Closed,Manhattan,Chinatown,2025-02-21,40.66615127903069,-73.82060471488454,High
316,Broken Sidewalk,In Progress,Queens,Brooklyn Heights,2025-02-22,40.66546226036565,-74.00599146579545,Low
317,Water Leakage,Closed,Manhattan,Chelsea,2025-02-12,40.86222153199155,-73.84290314592978,High
318,Garbage Overflow,Closed,Bronx,Midtown,2025-02-02,40.67490068582207,-73.76649278062582,Medium
319,Noise Complaint,Closed,Queens,Chelsea,2025-03-01,40.678974203955406,-73.84523785636985,Low
320,Noise Complaint,Closed,Staten Island,Downtown,2025-01-30,40.60019601722839,-73.95051494526764,Low
321,Garbage Overflow,Closed,Bronx,Bronx Park,2025-03-23,40.861200710237654,-73.89982620477075,Medium
322,Noise Complaint,Closed,Staten Island,Brooklyn Heights,2025-02-08,40.83777844396274,-73.85628248699469,Low
323,Garbage Overflow,Open,Brooklyn,Midtown,2025-02-27,40.7881986805272,-73.89682887738145,Medium
324,Streetlight Out,Open,Bronx,Bronx Park,2025-02-27,40.82507972918165,-74.01401411748071,Low
325,Garbage Overflow,Closed,Brooklyn,SoHo,2025-01-31,40.64561457022735,-73.9563807866044,Medium
326,Graffiti,Closed,Bronx,Downtown,2025-01-02,40.73749707837627,-73.80928119083391,Low
327,Garbage Overflow,In Progress,Bronx,Uptown,2025-01-21,40.70536581620463,-73.79157458617135,Medium
328,Noise Complaint,Closed,Brooklyn,SoHo,2025-03-21,40.628132957877106,-74.00880999018533,Low
329,Broken Sidewalk,Closed,Queens,Bronx Park,2025-01-05,40.745839145564474,-73.76428397428039,Low
330,Graffiti,Closed,Manhattan,Chelsea,2025-02-12,40.87622189510279,-73.95135321464541,Low
331,Noise Complaint,Open,Staten Island,SoHo,2025-02-17,40.61201773571521,-73.85130587838078,Low
332,Pothole,Closed,Bronx,Chelsea,2025-02-05,40.68743827404814,-73.824452456213,Medium
333,Pothole,Open,Staten Island,SoHo,2025-03-09,40.66226228086171,-73.80641612960864,Medium
334,Broken Sidewalk,In Progress,Brooklyn,Harlem,2025-02-26,40.67144399609971,-73.76627508933223,Low
335,Broken Sidewalk,Open,Staten Island,Downtown,2025-02-08,40.87253036556381,-73.95612413559135,Low
336,Graffiti,Closed,Brooklyn,SoHo,2025-02-01,40.740420716270286,-73.79244806363454,Low
337,Streetlight Out,Open,Staten Island,Bronx Park,2025-01-21,40.739889823881946,-74.01049392896914,Low
338,Broken Sidewalk,In Progress,Manhattan,Downtown,2025-03-30,40.82817269273659,-73.83848772809392,Low
339,Pothole,Closed,Manhattan,Midtown,2025-01-27,40.64634766120148,-73.8274066811458,Medium
340,Garbage Overflow,Closed,Manhattan,Chelsea,2025-01-21,40.746179606230015,-73.8466830276396,Medium
341,Noise Complaint,Open,Manhattan,Queens Village,2025-03-05,40.72899556423632,-73.97430557915945,Low
342,Pothole,Closed,Manhattan,Brooklyn Heights,2025-01-11,40.779073207164,-73.78808705589545,Medium
343,Pothole,Closed,Manhattan,Brooklyn Heights,2025-03-24,40.89986731097513,-73.99934246098888,Medium
344,Streetlight Out,In Progress,Brooklyn,Uptown,2025-01-17,40.83083466822461,-74.03390956254376,Low
345,Graffiti,Closed,Bronx,Midtown,2025-01-22,40.71935971090523,-73.83476050281642,Low
346,Graffiti,Open,Staten Island,Midtown,2025-01-14,40.84826591568221,-73.90735728543018,Low
347,Tree Fallen,Open,Manhattan,Downtown,2025-03-05,40.651212508993744,-73.7952705940124,High
348,Streetlight Out,Closed,Brooklyn,SoHo,2025-01-09,40.60913910589269,-73.93498085768252,Low
349,Garbage Overflow,Closed,Brooklyn,Brooklyn Heights,2025-01-17,40.661334511739284,-73.99951642344769,Medium
350,Graffiti,Open,Brooklyn,Chinatown,2025-03-09,40.70212346683428,-73.79906734225904,Low
351,Noise Complaint,Closed,Bronx,Chinatown,2025-01-22,40.75317422723787,-73.88532711050797,Low
352,Broken Sidewalk,Closed,Staten Island,Uptown,2025-01-22,40.78453874216236,-73.9932412622829,Low
353,Streetlight Out,Closed,Bronx,Bronx Park,2025-02-06,40.87318171516433,-73.83388480042406,Low
354,Broken Sidewalk,Closed,Queens,Brooklyn Heights,2025-01-19,40.752956202865136,-73.89666590845314,Low
355,Pothole,Closed,Brooklyn,Chinatown,2025-02-23,40.75038269338772,-73.8687061053279,Medium
356,Noise Complaint,Closed,Queens,Uptown,2025-01-07,40.6150729029469,-73.91173049853802,Low
357,Noise Complaint,Open,Manhattan,Bronx Park,2025-01-19,40.61047346579687,-73.8013873048546,Low
358,Pothole,Open,Manhattan,Bronx Park,2025-01-05,40.76534798857491,-73.80113118529509,Medium
359,Streetlight Out,In Progress,Bronx,Harlem,2025-02-13,40.731453583974506,-73.83718335345269,Low
360,Pothole,In Progress,Staten Island,Uptown,2025-03-30,40.851754118494085,-74.01837958678107,Medium
361,Broken Sidewalk,Closed,Queens,Bronx Park,2025-03-15,40.64820387541356,-73.79834384142877,Low
362,Tree Fallen,Closed,Staten Island,SoHo,2025-01-01,40.60749149863511,-73.84869610584012,High
363,Noise Complaint,Closed,Bronx,Midtown,2025-03-16,40.73471163037904,-73.8408927501987,Low
364,Water Leakage,Closed,Manhattan,Bronx Park,2025-02-27,40.67124356702568,-73.94110514787884,High
365,Water Leakage,Open,Staten Island,Midtown,2025-03-24,40.61488431200165,-73.78621613315289,High
366,Broken Sidewalk,Open,Staten Island,SoHo,2025-03-18,40.817379486054286,-73.83238851992954,Low
367,Garbage Overflow,Closed,Manhattan,Uptown,2025-02-05,40.63347789998718,-74.01622286004124,Medium
368,Graffiti,Closed,Queens,Chinatown,2025-03-27,40.782495850002334,-73.92766658967815,Low
369,Pothole,Open,Manhattan,Harlem,2025-01-08,40.68431492505007,-73.78408589141196,Medium
370,Pothole,Closed,Staten Island,Midtown,2025-01-22,40.65204881510651,-74.03584098949078,Medium
371,Garbage Overflow,Closed,Queens,Downtown,2025-02-12,40.7139254568758,-73.76157501410738,Medium
372,Garbage Overflow,Closed,Queens,Downtown,2025-02-28,40.840433732866884,-73.84625122950413,Medium
373,Broken Sidewalk,Open,Manhattan,Queens Village,2025-03-20,40.717628073071374,-73.86058720670698,Low
374,Broken Sidewalk,Open,Staten Island,Harlem,2025-03-21,40.825230894763315,-73.9688322230536,Low
375,Garbage Overflow,Closed,Bronx,Chinatown,2025-01-02,40.637645889039746,-73.97536246337825,Medium
376,Noise Complaint,Open,Staten Island,Downtown,2025-03-19,40.83183142589952,-73.76738253415343,Low
377,Broken Sidewalk,Closed,Brooklyn,Midtown,2025-02-11,40.67107999747199,-73.96051826372977,Low
378,Tree Fallen,Closed,Bronx,Midtown,2025-01-31,40.80321793896666,-73.8173484109843,High
379,Broken Sidewalk,Open,Queens,Downtown,2025-01-25,40.7697344664523,-73.93206346053788,Low
380,Pothole,Closed,Bronx,Uptown,2025-01-27,40.878743415163505,-74.00822377876459,Medium
381,Broken Sidewalk,Closed,Queens,Brooklyn Heights,2025-02-20,40.716196755392595,-74.04678541069138,Low
382,Noise Complaint,In Progress,Queens,Brooklyn Heights,2025-02-25,40.61984955665034,-73.88672279889542,Low
383,Garbage Overflow,In Progress,Bronx,Brooklyn Heights,2025-02-10,40.60574664566538,-73.75726635443532,Medium
384,Pothole,Closed,Queens,Queens Village,2025-02-28,40.84805756829183,-73.93925914185724,Medium
385,Broken Sidewalk,Closed,Queens,Queens Village,2025-03-04,40.75742069129843,-73.94284229980208,Low
386,Noise Complaint,Closed,Brooklyn,Downtown,2025-01-26,40.83257321555048,-73.94677251464516,Low
387,Tree Fallen,Closed,Staten Island,Brooklyn Heights,2025-01-05,40.67032768000345,-73.89383684880855,High
388,Broken Sidewalk,In Progress,Staten Island,Chelsea,2025-02-10,40.70352512365397,-73.91780053497271,Low
389,Noise Complaint,Open,Brooklyn,Queens Village,2025-01-22,40.609031161663395,-73.7860256119819,Low
390,Tree Fallen,Open,Bronx,Bronx Park,2025-01-01,40.888447697372236,-73.89834376248295,High
391,Garbage Overflow,Closed,Manhattan,Midtown,2025-03-17,40.800360372010246,-73.89767264854343,Medium
392,Broken Sidewalk,Open,Manhattan,SoHo,2025-03-19,40.87996152632779,-74.00848852158383,Low
393,Tree Fallen,Open,Manhattan,SoHo,2025-03-24,40.67964892222872,-73.75517813772689,High
394,Pothole,Closed,Brooklyn,Queens Village,2025-03-10,40.783439083367696,-73.97500813273935,Medium
395,Garbage Overflow,Closed,Brooklyn,Chelsea,2025-03-23,40.80354999048779,-74.02799077976212,Medium
396,Pothole,In Progress,Queens,Uptown,2025-03-24,40.69526491007728,-73.85105612530744,Medium
397,Water Leakage,In Progress,Manhattan,Downtown,2025-01-09,40.85443277050469,-73.87139008895294,High
398,Streetlight Out,Closed,Bronx,SoHo,2025-03-13,40.88414843887007,-73.92545630380218,Low
399,Broken Sidewalk,Closed,Bronx,Chinatown,2025-03-22,40.8654565353088,-73.92334232983579,Low
400,Tree Fallen,Closed,Manhattan,Uptown,2025-02-03,40.82172009278181,-73.81448082368607,High
401,Streetlight Out,Closed,Manhattan,Harlem,2025-03-01,40.68323940391749,-73.9912862079701,Low
402,Streetlight Out,Closed,Manhattan,Downtown,2025-02-27,40.68448481263169,-73.80392400431653,Low
403,Tree Fallen,Closed,Brooklyn,Harlem,2025-03-07,40.88900809613381,-73.85537586583149,High
404,Garbage Overflow,Closed,Brooklyn,SoHo,2025-01-19,40.60308534878071,-73.92430906786615,Medium
405,Broken Sidewalk,Closed,Brooklyn,Queens Village,2025-01-13,40.81481499197264,-73.91259141502483,Low
406,Water Leakage,Closed,Staten Island,Midtown,2025-03-02,40.81187384876658,-73.97300583784417,High
407,Pothole,Closed,Bronx,Midtown,2025-02-15,40.78680686228494,-73.82436570019091,Medium
408,Noise Complaint,In Progress,Bronx,Downtown,2025-01-10,40.89703265382606,-73.89613757730842,Low
409,Pothole,Closed,Queens,Harlem,2025-04-01,40.69356383072912,-73.95374363717505,Medium
410,Noise Complaint,Open,Brooklyn,Bronx Park,2025-03-26,40.70199155913797,-73.87118496527171,Low
411,Pothole,In Progress,Staten Island,Chelsea,2025-01-26,40.62368182088397,-73.7512796643846,Medium
412,Tree Fallen,Closed,Staten Island,Chinatown,2025-03-24,40.73283944096312,-73.91942131610303,High
413,Water Leakage,In Progress,Bronx,Downtown,2025-03-27,40.67831455787046,-73.77379257976641,High
414,Broken Sidewalk,Closed,Brooklyn,Chinatown,2025-02-12,40.70301601065329,-73.94649494802263,Low
415,Noise Complaint,Closed,Queens,SoHo,2025-03-27,40.85037153707669,-74.0335801879225,Low
416,Broken Sidewalk,Open,Brooklyn,SoHo,2025-03-12,40.880645354058245,-73.98872736808947,Low
417,Broken Sidewalk,Closed,Manhattan,Brooklyn Heights,2025-02-26,40.65571992160156,-73.92439145700169,Low
418,Broken Sidewalk,Closed,Brooklyn,Midtown,2025-02-06,40.71175267946604,-73.98410952142163,Low
419,Graffiti,Closed,Manhattan,Midtown,2025-01-16,40.87858916863462,-74.04993188853452,Low
420,Garbage Overflow,Closed,Manhattan,Downtown,2025-03-21,40.61854253820677,-73.77549953867575,Medium
421,Pothole,Open,Queens,Harlem,2025-02-20,40.627708158433414,-73.79683617663072,Medium
422,Broken Sidewalk,In Progress,Bronx,Harlem,2025-01-13,40.64883729676187,-73.82731233055391,Low
423,Pothole,In Progress,Brooklyn,Brooklyn Heights,2025-02-10,40.778563850238065,-73.99965562130619,Medium
424,Broken Sidewalk,Closed,Manhattan,SoHo,2025-01-18,40.6451416813018,-74.013890927137,Low
425,Noise Complaint,Open,Brooklyn,Brooklyn Heights,2025-02-26,40.89042291443522,-74.02971857515828,Low
426,Garbage Overflow,Closed,Bronx,Downtown,2025-03-03,40.734014358177554,-73.83279124336812,Medium
427,Garbage Overflow,Open,Bronx,Chelsea,2025-01-15,40.75045538810505,-73.77135761179363,Medium
428,Tree Fallen,In Progress,Staten Island,Chelsea,2025-02-01,40.67399758474162,-73.92083925372609,High
429,Graffiti,Open,Bronx,SoHo,2025-01-01,40.741288075730424,-74.01425779840119,Low
430,Tree Fallen,Closed,Queens,Chelsea,2025-03-10,40.7985740897911,-73.89628215378036,High
431,Tree Fallen,Closed,Manhattan,Queens Village,2025-03-13,40.82535314108621,-73.9453504277624,High
432,Tree Fallen,Closed,Staten Island,Chelsea,2025-01-18,40.826160424812976,-73.937552522695,High
433,Tree Fallen,Closed,Queens,Downtown,2025-01-26,40.773367333808224,-73.86360081275329,High
434,Tree Fallen,In Progress,Brooklyn,Midtown,2025-02-17,40.871307932498155,-73.83438456602134,High
435,Water Leakage,Closed,Manhattan,Harlem,2025-01-30,40.84522235419183,-74.01681892033805,High
436,Garbage Overflow,Open,Bronx,Uptown,2025-02-21,40.82711443440959,-74.03932293075806,Medium
437,Tree Fallen,Open,Manhattan,Uptown,2025-01-21,40.61668165650414,-73.75170090919428,High
438,Broken Sidewalk,In Progress,Brooklyn,Bronx Park,2025-01-10,40.6020633886659,-73.98018149532533,Low
439,Garbage Overflow,In Progress,Staten Island,SoHo,2025-03-15,40.663734183158645,-74.03385084252746,Medium
440,Garbage Overflow,Closed,Staten Island,Queens Village,2025-01-17,40.79905707817404,-73.99303740127122,Medium
441,Streetlight Out,Closed,Staten Island,Uptown,2025-03-23,40.723359246664764,-74.03831264609546,Low
442,Water Leakage,Closed,Bronx,Chinatown,2025-01-23,40.72072187778979,-73.93245673161485,High
443,Tree Fallen,Open,Queens,Bronx Park,2025-02-05,40.86537606646888,-73.8092794646646,High
444,Pothole,In Progress,Queens,Midtown,2025-01-22,40.86866885443955,-73.94762666507268,Medium
445,Noise Complaint,Closed,Manhattan,Bronx Park,2025-02-02,40.872752579216076,-73.91674497793649,Low
446,Graffiti,Closed,Bronx,Harlem,2025-01-27,40.69416342295451,-73.84732396792977,Low
447,Broken Sidewalk,Closed,Staten Island,Midtown,2025-03-09,40.80731674382178,-73.89733177897904,Low
448,Pothole,Open,Staten Island,Chelsea,2025-03-28,40.681489954382315,-73.7915662941936,Medium
449,Water Leakage,Open,Brooklyn,Harlem,2025-03-04,40.65718294992234,-73.79018929748628,High
450,Noise Complaint,Closed,Brooklyn,Brooklyn Heights,2025-02-14,40.65538973720421,-74.04702679135265,Low
451,Water Leakage,Open,Staten Island,Chinatown,2025-03-14,40.70263228625908,-73.81658610805503,High
452,Broken Sidewalk,Closed,Staten Island,SoHo,2025-03-14,40.72898728593395,-73.9117799199275,Low
453,Garbage Overflow,Closed,Bronx,Downtown,2025-02-02,40.84928475131652,-73.7533478376089,Medium
454,Noise Complaint,Closed,Queens,Uptown,2025-01-24,40.635967328041815,-73.90503037723737,Low
455,Garbage Overflow,Closed,Brooklyn,Downtown,2025-01-25,40.820477754218466,-73.7539312163835,Medium
456,Broken Sidewalk,Closed,Queens,Bronx Park,2025-03-06,40.759436474256795,-73.82362919163828,Low
457,Pothole,Closed,Bronx,Brooklyn Heights,2025-02-12,40.6863836028028,-73.97541853461601,Medium
458,Broken Sidewalk,Closed,Staten Island,Uptown,2025-03-13,40.74784587535985,-73.8884815062139,Low
459,Pothole,Closed,Queens,Chelsea,2025-02-02,40.68998262093311,-73.75235930815643,Medium
460,Noise Complaint,Closed,Staten Island,Queens Village,2025-02-05,40.77882458657149,-73.79274081767443,Low
461,Noise Complaint,Closed,Staten Island,Harlem,2025-01-17,40.730153176856575,-74.02078993186264,Low
462,Tree Fallen,In Progress,Manhattan,Queens Village,2025-02-02,40.649321658723665,-73.838088400957,High
463,Water Leakage,Closed,Queens,Bronx Park,2025-03-04,40.63497492236671,-73.94632612423875,High
464,Tree Fallen,Closed,Queens,Downtown,2025-01-19,40.76400870462164,-74.04790532143589,High
465,Water Leakage,Open,Staten Island,Harlem,2025-04-01,40.87072390998583,-73.9289557092919,High
466,Tree Fallen,Closed,Bronx,Chinatown,2025-03-10,40.703187305967305,-73.9795736734825,High
467,Garbage Overflow,Closed,Manhattan,Brooklyn Heights,2025-01-16,40.819900032166785,-73.80433921884386,Medium
468,Noise Complaint,Open,Staten Island,Queens Village,2025-03-27,40.79759840648193,-73.94880081734627,Low
469,Pothole,Closed,Brooklyn,Brooklyn Heights,2025-03-30,40.87946647429284,-73.80174289181386,Medium
470,Water Leakage,Closed,Brooklyn,Downtown,2025-01-22,40.846294305189744,-74.04982061834956,High
471,Broken Sidewalk,Closed,Manhattan,Uptown,2025-02-17,40.769981577671636,-73.95765425499216,Low
472,Water Leakage,Closed,Bronx,Brooklyn Heights,2025-03-12,40.79710914947023,-73.97765043570767,High
473,Pothole,Open,Staten Island,Uptown,2025-01-22,40.86951593997521,-73.97992979167941,Medium
474,Tree Fallen,Open,Queens,Downtown,2025-01-03,40.71985563537608,-74.02954401407035,High
475,Water Leakage,Closed,Manhattan,Chinatown,2025-01-11,40.69803841175733,-73.99386271887684,High
476,Graffiti,Closed,Bronx,Chelsea,2025-01-13,40.60324332509056,-73.88333512903431,Low
477,Garbage Overflow,Closed,Queens,SoHo,2025-01-18,40.84796532225744,-73.96259167814867,Medium
478,Noise Complaint,Closed,Brooklyn,Chinatown,2025-03-29,40.84029421012101,-73.92478156530126,Low
479,Pothole,Closed,Brooklyn,Harlem,2025-01-23,40.631336355430044,-73.93693993589584,Medium
480,Noise Complaint,In Progress,Queens,Chelsea,2025-01-10,40.77305721433981,-73.78722852250003,Low
481,Graffiti,Closed,Manhattan,Uptown,2025-03-26,40.739194509450066,-73.77841030029684,Low
482,Water Leakage,Closed,Brooklyn,Chelsea,2025-02-21,40.63561272865273,-73.90211290850324,High
483,Water Leakage,Closed,Staten Island,Chelsea,2025-02-09,40.89417046811822,-73.95095321490531,High
484,Broken Sidewalk,Closed,Queens,SoHo,2025-02-15,40.664408766239006,-74.01795978879929,Low
485,Graffiti,Closed,Queens,Chelsea,2025-01-12,40.62017025402717,-73.76397913618537,Low
486,Pothole,Open,Brooklyn,Queens Village,2025-01-07,40.77845421385057,-74.03193191652991,Medium
487,Broken Sidewalk,In Progress,Manhattan,Harlem,2025-03-28,40.82166000313991,-73.96070491672951,Low
488,Garbage Overflow,Open,Staten Island,Brooklyn Heights,2025-01-25,40.60973303381416,-73.960580139649,Medium
489,Broken Sidewalk,In Progress,Manhattan,Queens Village,2025-01-05,40.79761529161811,-73.95387961415793,Low
490,Streetlight Out,Closed,Bronx,Downtown,2025-02-19,40.75968756278544,-74.00071394701827,Low
491,Pothole,Open,Bronx,Bronx Park,2025-02-03,40.63097950266251,-73.81505157072289,Medium
492,Streetlight Out,Closed,Brooklyn,Chelsea,2025-03-30,40.65175716308391,-74.0132506414102,Low
493,Graffiti,In Progress,Brooklyn,Uptown,2025-01-27,40.770392289194824,-73.85952800225405,Low
494,Tree Fallen,Closed,Brooklyn,SoHo,2025-01-07,40.68890728405399,-74.01284619198825,High
495,Streetlight Out,In Progress,Bronx,Chelsea,2025-01-11,40.88149471859539,-74.02883930872211,Low
496,Garbage Overflow,Closed,Manhattan,Chelsea,2025-02-24,40.845622068845216,-73.77717114889424,Medium
497,Broken Sidewalk,Closed,Manhattan,Chelsea,2025-01-31,40.895070161954095,-73.99296137010438,Low
498,Tree Fallen,In Progress,Brooklyn,Queens Village,2025-03-21,40.67790125168513,-73.8036249536321,High
499,Broken Sidewalk,Closed,Staten Island,Chelsea,2025-02-20,40.89091708983939,-73.88661073866786,Low
500,Streetlight Out,Closed,Manhattan,SoHo,2025-03-20,40.72937016093747,-74.02664304411736,Low
501,Broken Sidewalk,Closed,Bronx,Uptown,2025-03-03,40.70425563859413,-73.76336554256858,Low
502,Graffiti,In Progress,Queens,Brooklyn Heights,2025-03-18,40.61510485809081,-73.97591164990243,Low
503,Tree Fallen,In Progress,Queens,SoHo,2025-02-05,40.61582957735788,-73.79210639639422,High
504,Graffiti,Open,Queens,Harlem,2025-03-31,40.807603376783995,-73.99935699826463,Low
505,Streetlight Out,Closed,Staten Island,Bronx Park,2025-02-11,40.73737869833021,-73.79381713535744,Low
506,Graffiti,In Progress,Brooklyn,Bronx Park,2025-03-28,40.667956487810834,-74.04603135612841,Low
507,Garbage Overflow,Open,Bronx,Uptown,2025-01-23,40.78419109189757,-73.89646586302915,Medium
508,Streetlight Out,Closed,Staten Island,Queens Village,2025-03-21,40.67585743547503,-73.81916722617353,Low
509,Streetlight Out,In Progress,Bronx,SoHo,2025-02-20,40.77328952630333,-73.76956134475216,Low
510,Streetlight Out,Open,Bronx,Brooklyn Heights,2025-03-21,40.707762624094805,-73.77723935913805,Low
511,Pothole,Closed,Brooklyn,Downtown,2025-01-29,40.84706566798354,-73.8041125391357,Medium
512,Broken Sidewalk,Closed,Queens,Downtown,2025-01-25,40.846208848230035,-73.78354259510161,Low
513,Pothole,In Progress,Brooklyn,Midtown,2025-02-19,40.74320511943672,-73.99023409424888,Medium
514,Pothole,In Progress,Staten Island,Chelsea,2025-01-07,40.705245732800506,-73.96474471128649,Medium
515,Garbage Overflow,In Progress,Staten Island,Harlem,2025-02-24,40.70876793896773,-73.96330944252368,Medium
516,Tree Fallen,Closed,Staten Island,Bronx Park,2025-02-04,40.84171435770047,-73.93688382069949,High
517,Broken Sidewalk,In Progress,Brooklyn,Harlem,2025-02-26,40.698453844839285,-73.93200379888444,Low
518,Graffiti,In Progress,Bronx,Midtown,2025-03-18,40.66271781211206,-73.8866334026036,Low
519,Water Leakage,Closed,Bronx,Chinatown,2025-02-15,40.62540650256259,-74.00203607099006,High
520,Streetlight Out,In Progress,Manhattan,SoHo,2025-01-30,40.74000793626532,-73.8426260008642,Low
521,Graffiti,Open,Staten Island,Downtown,2025-01-23,40.74463962967595,-73.99973003820864,Low
522,Streetlight Out,Closed,Bronx,Brooklyn Heights,2025-03-06,40.852272613120874,-73.95690745536864,Low
523,Garbage Overflow,Closed,Manhattan,Downtown,2025-04-01,40.66637160893382,-73.89899646081815,Medium
524,Streetlight Out,Open,Bronx,Brooklyn Heights,2025-02-26,40.71429738210052,-73.81106783154296,Low
525,Pothole,Open,Staten Island,Bronx Park,2025-01-14,40.842521721668106,-73.82815923002838,Medium
526,Broken Sidewalk,Closed,Queens,Downtown,2025-02-17,40.84708708322469,-73.85633969307685,Low
527,Water Leakage,Closed,Staten Island,Harlem,2025-03-14,40.71538332279363,-74.00326802182595,High
528,Noise Complaint,Closed,Brooklyn,Midtown,2025-03-08,40.737737206986004,-73.88588639631533,Low
529,Streetlight Out,Open,Bronx,Chelsea,2025-03-13,40.69098576725479,-74.02376604946004,Low
530,Graffiti,Closed,Bronx,Chelsea,2025-01-15,40.87976646352579,-73.936791046961,Low
531,Pothole,Closed,Brooklyn,Downtown,2025-03-18,40.63559312972247,-73.925945040913,Medium
532,Noise Complaint,Closed,Brooklyn,SoHo,2025-01-22,40.88012482690044,-74.03805656816627,Low
533,Water Leakage,Closed,Queens,Midtown,2025-03-30,40.805159935550606,-73.967803570159,High
534,Noise Complaint,Closed,Bronx,Midtown,2025-01-01,40.759471645806016,-73.76330515982005,Low
535,Pothole,In Progress,Bronx,SoHo,2025-02-16,40.60979771823535,-73.76391021765109,Medium
536,Broken Sidewalk,Closed,Queens,Chelsea,2025-01-27,40.7426788575466,-73.94430188372424,Low
537,Broken Sidewalk,Closed,Manhattan,Chelsea,2025-02-27,40.72232443150082,-74.0370699673155,Low
538,Tree Fallen,Open,Queens,Queens Village,2025-02-22,40.64836564359254,-73.99627151820154,High
539,Broken Sidewalk,In Progress,Staten Island,Midtown,2025-03-24,40.79692288105019,-73.93233466196993,Low
540,Tree Fallen,Open,Bronx,SoHo,2025-02-23,40.891345272210486,-73.76566609060923,High
541,Noise Complaint,In Progress,Brooklyn,Harlem,2025-03-17,40.76865664331936,-74.00764028093884,Low
542,Garbage Overflow,Closed,Staten Island,Queens Village,2025-02-06,40.81442598293318,-73.82094524689954,Medium
543,Graffiti,In Progress,Bronx,Midtown,2025-03-22,40.620535135769806,-74.01739523818759,Low
544,Graffiti,Closed,Queens,Bronx Park,2025-01-16,40.7253000987451,-73.75562272678262,Low
545,Noise Complaint,In Progress,Staten Island,Harlem,2025-01-08,40.63490754554935,-73.93551505026726,Low
546,Streetlight Out,Closed,Bronx,Uptown,2025-02-10,40.783838750660955,-73.81742963833028,Low
547,Streetlight Out,Closed,Manhattan,Chelsea,2025-03-06,40.881544647464246,-73.94722267515665,Low
548,Broken Sidewalk,Closed,Manhattan,Downtown,2025-02-08,40.798533319741495,-73.86169933685235,Low
549,Graffiti,Closed,Brooklyn,Queens Village,2025-03-26,40.623040914494325,-73.992395174578,Low
550,Graffiti,Closed,Bronx,Harlem,2025-01-10,40.70639986149553,-74.0061936942109,Low
551,Tree Fallen,In Progress,Manhattan,Downtown,2025-03-25,40.76519901383226,-73.76858075812956,High
552,Garbage Overflow,In Progress,Queens,Downtown,2025-01-21,40.720962326839974,-73.77470581662867,Medium
553,Pothole,Closed,Bronx,Uptown,2025-03-01,40.85009320314255,-73.78375931793613,Medium
554,Streetlight Out,Closed,Queens,Chinatown,2025-01-02,40.844401301412994,-73.86236996495002,Low
555,Graffiti,Closed,Queens,Harlem,2025-03-25,40.78354930603096,-73.80751953663511,Low
556,Tree Fallen,Closed,Manhattan,Chelsea,2025-03-11,40.71203738353981,-74.02928891892658,High
557,Water Leakage,Closed,Bronx,Queens Village,2025-03-21,40.676600912128976,-73.9495632874328,High
558,Tree Fallen,Open,Staten Island,Brooklyn Heights,2025-02-01,40.63176229546394,-73.95588906257285,High
559,Streetlight Out,Closed,Manhattan,Queens Village,2025-03-28,40.706469305045964,-73.85930640341421,Low
560,Streetlight Out,Closed,Manhattan,Queens Village,2025-01-04,40.72395175516232,-73.9432126679588,Low
561,Tree Fallen,Closed,Bronx,SoHo,2025-01-23,40.80274687753122,-74.00544796550689,High
562,Pothole,Closed,Bronx,Harlem,2025-03-21,40.79744794728927,-73.87105987737594,Medium
563,Noise Complaint,Open,Queens,Midtown,2025-01-15,40.62103244189238,-73.80568482379927,Low
564,Streetlight Out,Open,Bronx,Chinatown,2025-03-19,40.71857779462935,-73.935362951662,Low
565,Tree Fallen,In Progress,Queens,Chelsea,2025-03-08,40.65453366016521,-74.01031938547045,High
566,Graffiti,Closed,Manhattan,Chinatown,2025-02-18,40.64704381159504,-73.99099354080614,Low
567,Tree Fallen,Closed,Brooklyn,Brooklyn Heights,2025-02-02,40.848190644921175,-73.97875500844918,High
568,Garbage Overflow,Closed,Staten Island,SoHo,2025-01-07,40.61257456501488,-73.96003072210164,Medium
569,Noise Complaint,Closed,Manhattan,Brooklyn Heights,2025-03-13,40.725754862770636,-73.85716147884811,Low
570,Water Leakage,In Progress,Bronx,Brooklyn Heights,2025-03-10,40.650461096729956,-73.86971635463868,High
571,Pothole,Closed,Staten Island,Uptown,2025-01-03,40.86379906470354,-73.84117604152989,Medium
572,Broken Sidewalk,Open,Brooklyn,Queens Village,2025-01-17,40.76711215398251,-73.94124940464054,Low
573,Water Leakage,Closed,Brooklyn,Uptown,2025-01-29,40.66941419091305,-73.80280070443601,High
574,Noise Complaint,In Progress,Queens,Midtown,2025-01-04,40.750728186149914,-73.98877370165327,Low
575,Noise Complaint,In Progress,Staten Island,Chinatown,2025-01-04,40.81944590791093,-73.90928777574456,Low
576,Noise Complaint,Closed,Queens,Uptown,2025-03-10,40.88743540267583,-73.80971838353757,Low
577,Water Leakage,Closed,Manhattan,Downtown,2025-04-01,40.666133801273624,-73.99595240568021,High
578,Graffiti,Open,Staten Island,Downtown,2025-02-24,40.8658545316388,-74.01704106587776,Low
579,Noise Complaint,In Progress,Manhattan,Chelsea,2025-01-05,40.880291234250244,-73.7848948096936,Low
580,Tree Fallen,Closed,Queens,Queens Village,2025-02-08,40.87492616335962,-73.94712110117224,High
581,Water Leakage,In Progress,Staten Island,Brooklyn Heights,2025-01-01,40.79062430705857,-73.84483896252729,High
582,Broken Sidewalk,Closed,Queens,Chinatown,2025-02-12,40.788946196330414,-74.04239541872082,Low
583,Noise Complaint,Closed,Staten Island,Chinatown,2025-01-22,40.72096318995515,-73.84298593347717,Low
584,Tree Fallen,Closed,Queens,Midtown,2025-02-18,40.82571936469114,-73.9551696065359,High
585,Graffiti,Closed,Brooklyn,Bronx Park,2025-01-04,40.75938820550528,-74.03327774392376,Low
586,Garbage Overflow,Open,Queens,SoHo,2025-03-28,40.80323142136849,-73.86705617153557,Medium
587,Graffiti,Closed,Brooklyn,Bronx Park,2025-01-20,40.72853737115464,-73.97775885517805,Low
588,Broken Sidewalk,Open,Queens,Uptown,2025-03-21,40.81944893921294,-73.93395782738443,Low
589,Noise Complaint,Closed,Staten Island,Chinatown,2025-01-19,40.84734145528137,-74.02582575631405,Low
590,Broken Sidewalk,Closed,Staten Island,Queens Village,2025-01-02,40.643930876980846,-74.00585102467151,Low
591,Water Leakage,Open,Staten Island,Harlem,2025-03-22,40.84987891467227,-73.96060682935125,High
592,Streetlight Out,In Progress,Bronx,Brooklyn Heights,2025-01-19,40.762088959537095,-74.02307214983195,Low
593,Noise Complaint,In Progress,Manhattan,Downtown,2025-01-05,40.853399772727066,-73.77675212059411,Low
594,Streetlight Out,In Progress,Staten Island,Uptown,2025-03-03,40.7293905119023,-74.04818588704481,Low
595,Tree Fallen,In Progress,Brooklyn,SoHo,2025-03-31,40.71371214561491,-73.90484193434071,High
596,Garbage Overflow,Open,Staten Island,Downtown,2025-03-31,40.87451821975517,-74.01302576256023,Medium
597,Pothole,Closed,Bronx,Brooklyn Heights,2025-01-10,40.67535078026452,-73.95769627315661,Medium
598,Broken Sidewalk,Closed,Brooklyn,Queens Village,2025-01-09,40.853263697585845,-73.77218213205452,Low
599,Graffiti,Closed,Bronx,Downtown,2025-01-22,40.74520617175282,-74.0014916340178,Low
600,Garbage Overflow,Open,Brooklyn,Chelsea,2025-01-15,40.754228632765376,-73.7602503040845,Medium
601,Noise Complaint,In Progress,Queens,Harlem,2025-03-02,40.692540484446845,-73.98826168690317,Low
602,Streetlight Out,Closed,Manhattan,Midtown,2025-02-24,40.771912660185706,-73.82753016745995,Low
603,Graffiti,Closed,Manhattan,Midtown,2025-01-27,40.69756335888287,-73.8859968205308,Low
604,Streetlight Out,Closed,Bronx,Harlem,2025-02-17,40.6117808242725,-73.78465638172098,Low
605,Water Leakage,Closed,Manhattan,Downtown,2025-02-21,40.68159958160331,-73.88380202334906,High
606,Streetlight Out,Closed,Bronx,SoHo,2025-01-18,40.60191371302198,-73.8896322342531,Low
607,Water Leakage,Open,Bronx,Chelsea,2025-02-05,40.89350643611706,-73.99136259988948,High
608,Tree Fallen,In Progress,Bronx,Harlem,2025-03-09,40.889724162945924,-74.0001311913845,High
609,Graffiti,Closed,Manhattan,Bronx Park,2025-02-03,40.71854658924169,-73.77505325466535,Low
610,Graffiti,Open,Bronx,SoHo,2025-02-07,40.818511256301896,-73.95164854034499,Low
611,Pothole,In Progress,Manhattan,Chinatown,2025-01-17,40.703741829523125,-73.93837532351112,Medium
612,Noise Complaint,In Progress,Bronx,Brooklyn Heights,2025-01-19,40.80132794712579,-73.82205290247148,Low
613,Water Leakage,In Progress,Staten Island,Midtown,2025-02-25,40.84162901291379,-73.94835295527315,High
614,Pothole,In Progress,Bronx,Midtown,2025-03-29,40.88402687340767,-73.7643812660083,Medium
615,Streetlight Out,Closed,Brooklyn,SoHo,2025-01-03,40.720063682754905,-73.82862166930036,Low
616,Streetlight Out,Closed,Bronx,Chinatown,2025-03-23,40.83498939488681,-73.87077122722798,Low
617,Pothole,Open,Queens,Uptown,2025-03-03,40.679778535189634,-73.78573145183657,Medium
618,Graffiti,Closed,Bronx,Midtown,2025-02-01,40.897099691138095,-74.03511822749515,Low
619,Streetlight Out,Closed,Brooklyn,Chelsea,2025-03-17,40.60773087962931,-73.97288119234324,Low
620,Broken Sidewalk,Closed,Brooklyn,Chinatown,2025-01-15,40.78105864195034,-73.91048909973372,Low
621,Tree Fallen,Closed,Manhattan,Chelsea,2025-03-28,40.7978517944954,-73.98190643815855,High
622,Tree Fallen,Closed,Staten Island,SoHo,2025-01-21,40.806413667122236,-73.82682844380935,High
623,Broken Sidewalk,Open,Bronx,Midtown,2025-02-27,40.63611627363673,-73.77423759068388,Low
624,Pothole,Closed,Manhattan,Queens Village,2025-01-16,40.88155893504194,-73.92286896402072,Medium
625,Broken Sidewalk,Closed,Staten Island,Bronx Park,2025-02-24,40.654354983715024,-73.94736021996643,Low
626,Water Leakage,Open,Bronx,Downtown,2025-01-07,40.78682602097195,-73.76153478035873,High
627,Water Leakage,In Progress,Queens,Queens Village,2025-01-24,40.66680282373692,-73.91654427015173,High
628,Pothole,Closed,Bronx,SoHo,2025-01-19,40.69216492510638,-73.90328547986522,Medium
629,Broken Sidewalk,Closed,Brooklyn,Uptown,2025-01-02,40.763937562518436,-73.94450503829742,Low
630,Water Leakage,Closed,Brooklyn,SoHo,2025-03-07,40.72515802556937,-73.77713545809635,High
631,Graffiti,In Progress,Queens,Queens Village,2025-04-01,40.648067680292954,-73.87931335501544,Low
632,Broken Sidewalk,Closed,Manhattan,Chelsea,2025-02-23,40.65128092072626,-73.82134762384551,Low
633,Graffiti,Closed,Staten Island,Downtown,2025-02-14,40.72544343644884,-73.80645798449473,Low
634,Water Leakage,Closed,Bronx,Harlem,2025-01-25,40.82718489348265,-73.94744528742483,High
635,Tree Fallen,Closed,Brooklyn,Bronx Park,2025-02-13,40.86938939405434,-73.91989170060388,High
636,Water Leakage,In Progress,Manhattan,Harlem,2025-02-27,40.625238298677814,-73.79545846767812,High
637,Graffiti,Closed,Queens,SoHo,2025-01-10,40.71793117226782,-73.94102339449725,Low
638,Garbage Overflow,Closed,Brooklyn,SoHo,2025-02-24,40.63007366911686,-73.81181945996444,Medium
639,Noise Complaint,In Progress,Queens,Downtown,2025-03-30,40.60497774418978,-73.76770230322767,Low
640,Streetlight Out,In Progress,Bronx,Queens Village,2025-03-17,40.79851560479319,-73.86303688807959,Low
641,Broken Sidewalk,Closed,Staten Island,Queens Village,2025-01-26,40.78073483258998,-73.82751181376443,Low
642,Garbage Overflow,In Progress,Brooklyn,Midtown,2025-01-18,40.64890573414446,-73.80847080638766,Medium
643,Water Leakage,Closed,Brooklyn,Chelsea,2025-03-29,40.67014384992792,-73.79648810533101,High
644,Tree Fallen,Closed,Bronx,Chinatown,2025-03-07,40.60711232609336,-73.93148399864296,High
645,Pothole,Closed,Manhattan,Bronx Park,2025-03-28,40.85048416170832,-74.0346209622472,Medium
646,Water Leakage,Closed,Staten Island,SoHo,2025-01-15,40.892407178814565,-73.92943711862898,High
647,Tree Fallen,Open,Brooklyn,Brooklyn Heights,2025-03-29,40.64063786103841,-73.84787313106477,High
648,Noise Complaint,In Progress,Staten Island,Chelsea,2025-01-30,40.66944256412959,-73.91489488426576,Low
649,Water Leakage,In Progress,Brooklyn,Bronx Park,2025-02-18,40.86052285718408,-73.82531105474187,High
650,Graffiti,Open,Staten Island,SoHo,2025-03-06,40.877939139386854,-73.9429052711594,Low
651,Pothole,In Progress,Queens,Chinatown,2025-02-24,40.725888214842044,-73.85957675766879,Medium
652,Tree Fallen,Open,Brooklyn,Harlem,2025-02-22,40.61518674168072,-73.9940740585438,High
653,Tree Fallen,Closed,Staten Island,Chinatown,2025-03-17,40.611817550107844,-73.8251891690065,High
654,Tree Fallen,Closed,Manhattan,Uptown,2025-01-01,40.772184959820706,-73.88629120935609,High
655,Noise Complaint,Open,Queens,Midtown,2025-03-19,40.71786853266796,-73.98878068343602,Low
656,Water Leakage,In Progress,Queens,Midtown,2025-03-18,40.6085957282733,-73.96242664795065,High
657,Noise Complaint,In Progress,Manhattan,Chelsea,2025-02-23,40.77497571769376,-73.82541738742545,Low
658,Broken Sidewalk,Closed,Staten Island,Chinatown,2025-02-23,40.60339076097671,-73.90521962930154,Low
659,Streetlight Out,Open,Bronx,SoHo,2025-01-19,40.83621158744478,-73.98519056788207,Low
660,Streetlight Out,Closed,Manhattan,SoHo,2025-02-17,40.691929846811014,-73.75981864288892,Low
661,Broken Sidewalk,Closed,Staten Island,Queens Village,2025-02-28,40.61207740090277,-73.83546249405494,Low
662,Water Leakage,In Progress,Manhattan,Chelsea,2025-03-09,40.776505666294945,-73.76285955023806,High
663,Graffiti,Closed,Manhattan,Brooklyn Heights,2025-02-28,40.719305324329916,-73.9218684863919,Low
664,Noise Complaint,Closed,Brooklyn,Midtown,2025-02-26,40.89214012400714,-73.90746989779248,Low
665,Pothole,Closed,Staten Island,Uptown,2025-03-27,40.76325959875111,-73.78061343514449,Medium
666,Tree Fallen,Closed,Bronx,SoHo,2025-02-28,40.682571754311105,-73.89248519792638,High
667,Tree Fallen,Closed,Brooklyn,SoHo,2025-01-28,40.81283165939019,-73.8378163264283,High
668,Water Leakage,Open,Manhattan,Midtown,2025-03-24,40.681447600762816,-73.97434813675135,High
669,Graffiti,Closed,Manhattan,Downtown,2025-01-15,40.871272987422266,-73.91598205938921,Low
670,Streetlight Out,Closed,Manhattan,Chinatown,2025-02-13,40.71241659115221,-74.01296504025689,Low
671,Streetlight Out,In Progress,Staten Island,Downtown,2025-02-22,40.76496056883286,-73.9882059892369,Low
672,Tree Fallen,Closed,Staten Island,SoHo,2025-02-15,40.61517193114727,-74.04971697541971,High
673,Water Leakage,Closed,Brooklyn,Chelsea,2025-01-02,40.72783637138567,-74.0382204845054,High
674,Noise Complaint,In Progress,Bronx,Brooklyn Heights,2025-02-09,40.849709061898295,-73.75681485304692,Low
675,Streetlight Out,Open,Brooklyn,Harlem,2025-02-08,40.841694641609,-73.97729389145897,Low
676,Noise Complaint,In Progress,Queens,SoHo,2025-01-05,40.66729556765606,-73.8510067871488,Low
677,Graffiti,Closed,Manhattan,Chinatown,2025-02-03,40.66782372130317,-73.79827009036012,Low
678,Streetlight Out,Open,Manhattan,Queens Village,2025-01-02,40.84519159366397,-73.88480186222903,Low
679,Streetlight Out,Closed,Manhattan,Chelsea,2025-02-06,40.87911952605079,-74.00405664997481,Low
680,Garbage Overflow,Closed,Brooklyn,Downtown,2025-03-30,40.628608276381904,-73.83156506879915,Medium
681,Streetlight Out,Open,Brooklyn,Queens Village,2025-01-16,40.73501759182787,-73.86992457697012,Low
682,Broken Sidewalk,Closed,Manhattan,SoHo,2025-02-08,40.70123628368927,-73.83062482319579,Low
683,Pothole,Closed,Brooklyn,Chinatown,2025-03-25,40.86120653663723,-73.81907601314288,Medium
684,Broken Sidewalk,Closed,Staten Island,Uptown,2025-01-05,40.62505747440401,-73.75737688969457,Low
685,Water Leakage,Open,Staten Island,Chinatown,2025-01-14,40.663337782767414,-73.87793101599199,High
686,Water Leakage,In Progress,Brooklyn,Queens Village,2025-03-04,40.825740501275945,-73.94750766619282,High
687,Noise Complaint,In Progress,Manhattan,Midtown,2025-01-10,40.615388154694365,-73.85546063292993,Low
688,Broken Sidewalk,In Progress,Brooklyn,Uptown,2025-01-29,40.747760614214286,-74.0294677872272,Low
689,Broken Sidewalk,Closed,Brooklyn,Chinatown,2025-03-18,40.73263211040392,-73.78078080450352,Low
690,Broken Sidewalk,Open,Brooklyn,Uptown,2025-01-01,40.700320353696625,-74.01418569659855,Low
691,Graffiti,Closed,Queens,Midtown,2025-02-07,40.718371694595675,-73.95164714863425,Low
692,Streetlight Out,Open,Staten Island,Harlem,2025-01-19,40.75898217607907,-73.80527638581216,Low
693,Pothole,Open,Bronx,Chinatown,2025-02-17,40.64841020751651,-73.87080628650078,Medium
694,Noise Complaint,Closed,Bronx,Bronx Park,2025-02-15,40.77159876348508,-73.93190934391677,Low
695,Broken Sidewalk,Closed,Queens,SoHo,2025-02-27,40.841629698789994,-73.9079693021875,Low
696,Broken Sidewalk,Closed,Brooklyn,Harlem,2025-01-04,40.82804827893705,-73.79363578203935,Low
697,Garbage Overflow,Closed,Queens,Bronx Park,2025-01-26,40.646169971408135,-73.94799868418202,Medium
698,Noise Complaint,Closed,Queens,Queens Village,2025-02-08,40.644774840922445,-73.78910509455635,Low
699,Broken Sidewalk,Closed,Manhattan,Chinatown,2025-02-05,40.680452310323474,-74.02355967070699,Low
700,Noise Complaint,In Progress,Staten Island,Chelsea,2025-01-11,40.70832241790231,-73.81696046883741,Low
701,Streetlight Out,Closed,Bronx,Downtown,2025-01-06,40.72253667442254,-73.79573571008358,Low
702,Garbage Overflow,Closed,Brooklyn,Bronx Park,2025-02-05,40.80390916505,-73.9954547041488,Medium
703,Noise Complaint,Open,Bronx,Downtown,2025-02-24,40.61700412964975,-73.92089604028834,Low
704,Pothole,Closed,Bronx,Queens Village,2025-02-19,40.61040181126782,-74.0003500676009,Medium
705,Pothole,Closed,Staten Island,Harlem,2025-03-28,40.71757316888317,-73.83801876130174,Medium
706,Water Leakage,Closed,Bronx,Midtown,2025-01-26,40.809149107641396,-73.8893956695815,High
707,Garbage Overflow,Open,Bronx,Midtown,2025-01-18,40.658030602886946,-73.85940299598751,Medium
708,Garbage Overflow,Closed,Queens,Bronx Park,2025-01-04,40.79245134437687,-73.99105390991313,Medium
709,Water Leakage,Closed,Staten Island,Midtown,2025-02-26,40.67794844138209,-73.98647624138427,High
710,Noise Complaint,Closed,Manhattan,SoHo,2025-03-10,40.865825832644056,-74.03755080234703,Low
711,Garbage Overflow,In Progress,Brooklyn,Brooklyn Heights,2025-01-26,40.868706983279985,-73.95337973944127,Medium
712,Pothole,Open,Bronx,Downtown,2025-03-28,40.6891861612844,-73.88207660159989,Medium
713,Pothole,Closed,Brooklyn,SoHo,2025-01-20,40.668998126188974,-73.7926195258008,Medium
714,Broken Sidewalk,In Progress,Manhattan,Harlem,2025-03-29,40.72339119161987,-73.84992176576239,Low
715,Streetlight Out,Closed,Brooklyn,Brooklyn Heights,2025-03-11,40.67215947555405,-73.91938110298007,Low
716,Garbage Overflow,Closed,Manhattan,Bronx Park,2025-02-05,40.80171515298751,-73.76406396568176,Medium
717,Noise Complaint,Closed,Queens,Midtown,2025-01-11,40.84781940536448,-73.83422643982725,Low
718,Water Leakage,Closed,Bronx,Downtown,2025-02-28,40.801927639273366,-73.77095043914123,High
719,Water Leakage,In Progress,Manhattan,Midtown,2025-01-24,40.8473051341748,-73.89172360801835,High
720,Noise Complaint,Closed,Brooklyn,Chelsea,2025-03-13,40.71909764866224,-73.97232871756205,Low
721,Graffiti,In Progress,Bronx,Bronx Park,2025-02-03,40.646895091212656,-74.03415199409058,Low
722,Tree Fallen,Closed,Queens,Bronx Park,2025-01-03,40.821385284219275,-73.83217454455485,High
723,Streetlight Out,Closed,Bronx,Bronx Park,2025-01-03,40.70814235154246,-74.01360910059833,Low
724,Water Leakage,Open,Manhattan,Uptown,2025-02-11,40.80138124756874,-73.9591674615184,High
725,Garbage Overflow,Closed,Queens,Brooklyn Heights,2025-03-28,40.681193182594534,-73.89025872763483,Medium
726,Streetlight Out,Closed,Brooklyn,SoHo,2025-02-14,40.624368890442,-73.88067502366607,Low
727,Garbage Overflow,In Progress,Queens,Downtown,2025-03-16,40.89777453864633,-73.86982504090386,Medium
728,Graffiti,Closed,Queens,Harlem,2025-03-20,40.64686045237918,-74.00012340089509,Low
729,Pothole,In Progress,Staten Island,Harlem,2025-01-18,40.896526298189045,-73.93607877855351,Medium
730,Streetlight Out,Open,Queens,Brooklyn Heights,2025-03-05,40.89318397976993,-73.86484173186491,Low
731,Broken Sidewalk,In Progress,Queens,Chelsea,2025-02-23,40.838145431172414,-73.75905434060986,Low
732,Water Leakage,Closed,Bronx,Downtown,2025-02-08,40.7978268886246,-73.8317106586901,High
733,Streetlight Out,Closed,Brooklyn,Queens Village,2025-01-22,40.77334211507532,-73.77321887287181,Low
734,Streetlight Out,In Progress,Bronx,Uptown,2025-02-28,40.85983046361335,-73.82133638250575,Low
735,Streetlight Out,Closed,Bronx,Chelsea,2025-02-03,40.686831856485846,-73.87248490933227,Low
736,Tree Fallen,Closed,Manhattan,Downtown,2025-01-15,40.740304363745466,-73.99239298925909,High
737,Streetlight Out,Open,Bronx,Brooklyn Heights,2025-02-19,40.78581699080995,-73.84999430443224,Low
738,Garbage Overflow,Open,Staten Island,SoHo,2025-01-02,40.72335714276085,-73.86298613021202,Medium
739,Pothole,In Progress,Staten Island,SoHo,2025-01-31,40.72824593622708,-73.86925924886282,Medium
740,Graffiti,Closed,Manhattan,Brooklyn Heights,2025-01-11,40.699085400250624,-73.90306423960352,Low
741,Noise Complaint,Closed,Brooklyn,Midtown,2025-03-07,40.76926954500536,-73.89140301880322,Low
742,Streetlight Out,Closed,Brooklyn,Midtown,2025-01-20,40.85517235840453,-73.94966724186456,Low
743,Water Leakage,Open,Bronx,Harlem,2025-01-18,40.66045851340189,-73.8942061922073,High
744,Streetlight Out,Open,Bronx,Uptown,2025-02-06,40.88032991162603,-73.99073322829645,Low
745,Water Leakage,Closed,Bronx,Brooklyn Heights,2025-03-05,40.80672629612447,-73.80844768079189,High
746,Garbage Overflow,Closed,Brooklyn,Harlem,2025-03-24,40.846981963804005,-73.99426691359038,Medium
747,Water Leakage,Closed,Queens,Harlem,2025-03-12,40.766857207789,-74.02451011303316,High
748,Broken Sidewalk,Closed,Staten Island,Bronx Park,2025-02-17,40.83385501042722,-73.91912619209285,Low
749,Noise Complaint,Open,Queens,Chelsea,2025-01-05,40.60486011920184,-73.85250776814819,Low
750,Pothole,Closed,Queens,Bronx Park,2025-01-15,40.84551412743386,-73.91868495251994,Medium
751,Water Leakage,Closed,Brooklyn,Downtown,2025-02-19,40.61204165772561,-73.9669737604146,High
752,Water Leakage,Closed,Queens,Downtown,2025-03-27,40.866974012908855,-73.88254864483287,High
753,Pothole,Closed,Manhattan,Chelsea,2025-02-09,40.89758882417159,-73.94589929937634,Medium
754,Noise Complaint,Closed,Bronx,Harlem,2025-03-28,40.68822023865303,-73.770139692962,Low
755,Streetlight Out,Open,Manhattan,Downtown,2025-01-11,40.66309556688574,-73.77320645811893,Low
756,Water Leakage,Open,Staten Island,Queens Village,2025-01-09,40.82960900915741,-73.89928845400837,High
757,Pothole,Closed,Bronx,Bronx Park,2025-01-05,40.67590790227608,-73.95163480179453,Medium
758,Broken Sidewalk,Closed,Queens,Bronx Park,2025-02-08,40.85966871495166,-73.82886027581301,Low
759,Broken Sidewalk,Closed,Staten Island,Harlem,2025-02-03,40.63085277764724,-74.03898611695507,Low
760,Garbage Overflow,Closed,Bronx,Downtown,2025-02-24,40.63778655891381,-73.9075692981869,Medium
761,Pothole,Closed,Queens,Chelsea,2025-01-31,40.893745466530184,-73.9491029817189,Medium
762,Garbage Overflow,In Progress,Manhattan,Harlem,2025-03-16,40.802151669481,-73.77383923446924,Medium
763,Broken Sidewalk,Closed,Bronx,Bronx Park,2025-03-05,40.85406616732868,-74.04639909181819,Low
764,Noise Complaint,Open,Queens,SoHo,2025-03-26,40.69729881320546,-73.8841555372845,Low
765,Streetlight Out,Closed,Manhattan,Bronx Park,2025-02-27,40.80294512485618,-73.82780092568001,Low
766,Pothole,Open,Staten Island,Midtown,2025-02-22,40.77827254819258,-73.90449460374279,Medium
767,Graffiti,Closed,Staten Island,Harlem,2025-03-14,40.78094503603688,-74.02437909095119,Low
768,Broken Sidewalk,In Progress,Staten Island,Queens Village,2025-03-13,40.80475973786132,-73.75826158299162,Low
769,Broken Sidewalk,Open,Staten Island,Chinatown,2025-01-29,40.77260775193873,-73.89459687058716,Low
770,Graffiti,Closed,Brooklyn,Chelsea,2025-01-08,40.7287187107908,-73.8657441267043,Low
771,Tree Fallen,Closed,Bronx,Downtown,2025-01-06,40.682776808314166,-73.97901706518775,High
772,Broken Sidewalk,Closed,Bronx,Uptown,2025-01-07,40.83057439927396,-73.90495057446796,Low
773,Water Leakage,Closed,Brooklyn,Chelsea,2025-02-23,40.66788172900095,-73.9212551524125,High
774,Noise Complaint,Open,Queens,SoHo,2025-01-01,40.80770629184632,-74.02753124739941,Low
775,Pothole,Closed,Queens,Chinatown,2025-02-06,40.6699998467948,-74.01815189393575,Medium
776,Graffiti,Closed,Staten Island,Uptown,2025-02-12,40.78759905098634,-73.79875824411437,Low
777,Water Leakage,Open,Manhattan,Queens Village,2025-02-24,40.82412348013871,-73.97805401433803,High
778,Graffiti,Closed,Queens,SoHo,2025-03-19,40.665614166671965,-73.99151251855041,Low
779,Pothole,Open,Manhattan,Bronx Park,2025-03-01,40.61798299025839,-73.89852656462496,Medium
780,Garbage Overflow,Open,Bronx,Brooklyn Heights,2025-01-29,40.639292122898254,-73.81937586059125,Medium
781,Pothole,Closed,Manhattan,Downtown,2025-02-26,40.78179909018131,-74.0314160444263,Medium
782,Tree Fallen,Open,Bronx,Queens Village,2025-02-14,40.85483392186772,-73.87695762410853,High
783,Pothole,Closed,Brooklyn,Harlem,2025-02-24,40.61349904637063,-74.01423686714783,Medium
784,Pothole,Closed,Brooklyn,Brooklyn Heights,2025-01-24,40.820245377712496,-74.03906168475231,Medium
785,Tree Fallen,In Progress,Staten Island,Chelsea,2025-02-08,40.70239559378501,-74.03417681435133,High
786,Noise Complaint,Closed,Queens,Midtown,2025-03-10,40.74355851097586,-73.79975076753746,Low
787,Broken Sidewalk,Open,Staten Island,Chinatown,2025-01-31,40.87865786495367,-74.01460825491158,Low
788,Pothole,Open,Bronx,Uptown,2025-02-26,40.69959145142075,-74.03645459067631,Medium
789,Tree Fallen,Closed,Staten Island,Bronx Park,2025-03-06,40.73960108018185,-73.91863003385713,High
790,Water Leakage,Closed,Manhattan,Chelsea,2025-02-16,40.604104724428204,-73.79680195841739,High
791,Garbage Overflow,Open,Bronx,Downtown,2025-02-10,40.62447961600145,-73.97127748705321,Medium
792,Garbage Overflow,In Progress,Brooklyn,Downtown,2025-01-16,40.677577477340435,-73.92348621474223,Medium
793,Pothole,Open,Queens,Brooklyn Heights,2025-01-20,40.608355672246326,-74.03802324023087,Medium
794,Noise Complaint,Closed,Bronx,Downtown,2025-01-22,40.789412597814476,-73.91527644575953,Low
795,Noise Complaint,Closed,Bronx,SoHo,2025-02-19,40.72791950704049,-73.87671607580886,Low
796,Water Leakage,In Progress,Manhattan,Chelsea,2025-03-08,40.76444356081841,-73.87872788387436,High
797,Pothole,Closed,Queens,Brooklyn Heights,2025-04-01,40.6523941557689,-73.9502719923477,Medium
798,Garbage Overflow,In Progress,Brooklyn,Harlem,2025-03-10,40.688779608830984,-73.95534004580105,Medium
799,Noise Complaint,Closed,Bronx,Brooklyn Heights,2025-03-16,40.79914734245582,-74.01801291431902,Low
800,Pothole,In Progress,Bronx,SoHo,2025-03-24,40.88959081708912,-73.93996050380612,Medium
801,Graffiti,Open,Manhattan,Downtown,2025-03-15,40.61512503208066,-74.0201515993381,Low
802,Noise Complaint,In Progress,Staten Island,Queens Village,2025-03-02,40.86711529625658,-73.82002121658638,Low
803,Tree Fallen,Closed,Brooklyn,Bronx Park,2025-02-22,40.77306436039336,-73.76011771067554,High
804,Graffiti,In Progress,Queens,Bronx Park,2025-03-13,40.769175870026686,-73.75897766299998,Low
805,Broken Sidewalk,Closed,Bronx,Harlem,2025-02-23,40.75008356056233,-73.79047867018738,Low
806,Noise Complaint,Closed,Bronx,SoHo,2025-01-27,40.62081822577126,-73.86976235519812,Low
807,Garbage Overflow,Closed,Brooklyn,Downtown,2025-02-19,40.62696305552085,-73.83974029082684,Medium
808,Streetlight Out,Closed,Staten Island,Uptown,2025-02-19,40.78027360169772,-73.96443825919587,Low
809,Graffiti,Open,Bronx,Chinatown,2025-02-22,40.702287571430666,-73.86076887394822,Low
810,Broken Sidewalk,Open,Brooklyn,SoHo,2025-02-21,40.875180419973304,-73.91330513516803,Low
811,Water Leakage,Closed,Manhattan,Downtown,2025-01-21,40.72197716120784,-73.90539479806692,High
812,Water Leakage,Open,Staten Island,Harlem,2025-03-14,40.64298443761079,-73.82266703188745,High
813,Garbage Overflow,In Progress,Queens,Uptown,2025-02-11,40.81441565005061,-73.96542449332082,Medium
814,Noise Complaint,Closed,Bronx,Harlem,2025-01-07,40.688006026432305,-73.95458811649164,Low
815,Pothole,In Progress,Brooklyn,Harlem,2025-03-19,40.75764109220677,-73.77260746266141,Medium
816,Noise Complaint,Closed,Manhattan,Downtown,2025-02-25,40.80934983565155,-74.03313271154471,Low
817,Garbage Overflow,Open,Queens,Brooklyn Heights,2025-02-15,40.87007923336062,-73.904309710476,Medium
818,Water Leakage,Closed,Brooklyn,SoHo,2025-01-25,40.8376573584405,-73.77615975987764,High
819,Noise Complaint,Closed,Brooklyn,Bronx Park,2025-03-21,40.802908320361816,-73.86689109765454,Low
820,Water Leakage,Closed,Queens,Bronx Park,2025-02-02,40.80388995471854,-73.88607787773635,High
821,Graffiti,Closed,Manhattan,Downtown,2025-01-17,40.88377739320963,-73.9750767462312,Low
822,Broken Sidewalk,Closed,Manhattan,Chelsea,2025-01-30,40.68874722924896,-73.94701735328066,Low
823,Pothole,Closed,Staten Island,Chinatown,2025-01-02,40.60033362825886,-73.7943854752586,Medium
824,Graffiti,In Progress,Bronx,Chinatown,2025-03-15,40.68158636781946,-73.88223456046946,Low
825,Water Leakage,In Progress,Queens,Chinatown,2025-03-15,40.66536741388802,-73.89557734187296,High
826,Water Leakage,Closed,Queens,Chelsea,2025-01-19,40.7985503755342,-74.02012608593799,High
827,Streetlight Out,Open,Queens,Queens Village,2025-01-10,40.79011347992966,-74.04519155306346,Low
828,Streetlight Out,Closed,Manhattan,Uptown,2025-01-17,40.77803841481142,-73.76089444339388,Low
829,Graffiti,Open,Bronx,Bronx Park,2025-02-13,40.604873032962836,-73.93690414981394,Low
830,Tree Fallen,Open,Staten Island,SoHo,2025-01-29,40.818633416335196,-73.86903608137015,High
831,Graffiti,Closed,Brooklyn,SoHo,2025-01-27,40.697059123745646,-74.02608547804381,Low
832,Streetlight Out,Closed,Brooklyn,Queens Village,2025-01-19,40.79951679670199,-73.84506571428308,Low
833,Water Leakage,In Progress,Queens,Downtown,2025-01-01,40.76697352855064,-73.7702299873882,High
834,Garbage Overflow,Closed,Bronx,Midtown,2025-03-29,40.70281927762837,-73.87730042410077,Medium
835,Graffiti,Closed,Manhattan,Chelsea,2025-01-06,40.64037288013123,-74.01216540328737,Low
836,Water Leakage,Closed,Bronx,Queens Village,2025-02-07,40.62832566929814,-73.87548354175796,High
837,Garbage Overflow,Closed,Bronx,Queens Village,2025-01-22,40.84945549993367,-73.8200958360686,Medium
838,Garbage Overflow,Closed,Manhattan,Harlem,2025-01-10,40.875519262624465,-73.92807503902779,Medium
839,Streetlight Out,In Progress,Queens,Midtown,2025-02-10,40.79493641402929,-73.78604867561756,Low
840,Graffiti,Open,Bronx,Chinatown,2025-01-17,40.631030234458144,-73.85539511399278,Low
841,Noise Complaint,In Progress,Brooklyn,Bronx Park,2025-02-28,40.72060816506647,-73.78022532451324,Low
842,Pothole,Closed,Manhattan,SoHo,2025-03-21,40.818681760031545,-73.8629484066258,Medium
843,Streetlight Out,Closed,Staten Island,Brooklyn Heights,2025-03-29,40.83394626520302,-74.01061360839854,Low
844,Streetlight Out,Closed,Queens,Bronx Park,2025-02-19,40.635465586687324,-73.95709248666844,Low
845,Noise Complaint,Closed,Manhattan,Harlem,2025-02-28,40.600009215653614,-73.98946151552425,Low
846,Pothole,In Progress,Staten Island,SoHo,2025-01-29,40.813641113764184,-73.77735205068494,Medium
847,Water Leakage,In Progress,Staten Island,Brooklyn Heights,2025-02-03,40.706978852795864,-73.82187997981376,High
848,Tree Fallen,Closed,Bronx,Brooklyn Heights,2025-01-02,40.67634439948548,-73.847080489327,High
849,Graffiti,Closed,Bronx,Bronx Park,2025-02-26,40.60386924093686,-73.95971010411051,Low
850,Tree Fallen,Closed,Bronx,Chelsea,2025-01-19,40.76208982202845,-73.99478656838494,High
851,Water Leakage,In Progress,Manhattan,Downtown,2025-02-26,40.8553452206278,-73.82306467360333,High
852,Broken Sidewalk,Closed,Manhattan,Chinatown,2025-03-28,40.887289493881774,-73.90775261623628,Low
853,Streetlight Out,Closed,Queens,Harlem,2025-02-14,40.76972348518399,-73.98226313435481,Low
854,Pothole,Closed,Bronx,Brooklyn Heights,2025-02-13,40.75433839832197,-73.86501340655042,Medium
855,Streetlight Out,Closed,Staten Island,Downtown,2025-01-18,40.62551691564677,-74.03789984435846,Low
856,Garbage Overflow,Open,Brooklyn,Midtown,2025-01-08,40.76466184046278,-73.95214892376153,Medium
857,Streetlight Out,Closed,Queens,Queens Village,2025-02-27,40.71399372368962,-73.90943290162267,Low
858,Streetlight Out,In Progress,Manhattan,Downtown,2025-02-06,40.78214058426507,-74.00561249976718,Low
859,Water Leakage,Open,Queens,Brooklyn Heights,2025-03-10,40.71661790436296,-73.75460365672275,High
860,Water Leakage,Closed,Queens,Chelsea,2025-03-28,40.67208973703511,-73.98727079062311,High
861,Water Leakage,In Progress,Queens,Downtown,2025-03-30,40.62848958256851,-74.01089406098701,High
862,Tree Fallen,Open,Queens,SoHo,2025-01-19,40.69447553337667,-73.98893953783393,High
863,Garbage Overflow,In Progress,Brooklyn,Brooklyn Heights,2025-02-04,40.62899345028633,-73.81928166005208,Medium
864,Broken Sidewalk,Closed,Bronx,Bronx Park,2025-01-08,40.653069085247196,-73.92234830221845,Low
865,Broken Sidewalk,Closed,Staten Island,Harlem,2025-01-14,40.896200847573866,-73.88037521807424,Low
866,Water Leakage,In Progress,Queens,Uptown,2025-02-26,40.73323106707198,-74.0436972529041,High
867,Pothole,Closed,Queens,Uptown,2025-02-22,40.759561529951505,-74.03967060742801,Medium
868,Tree Fallen,Closed,Queens,Downtown,2025-03-22,40.86208555862116,-73.9162523350519,High
869,Noise Complaint,Closed,Bronx,Uptown,2025-01-04,40.898670670147204,-73.80500342703951,Low
870,Pothole,Closed,Manhattan,Bronx Park,2025-03-15,40.7748143348034,-73.78442833638773,Medium
871,Graffiti,Open,Manhattan,Chinatown,2025-02-11,40.843742146313254,-74.02398802972131,Low
872,Graffiti,Closed,Brooklyn,Chinatown,2025-01-02,40.698082307301,-73.88849106936969,Low
873,Pothole,In Progress,Manhattan,Bronx Park,2025-03-12,40.69172318723419,-73.77603109411622,Medium
874,Water Leakage,Closed,Queens,Downtown,2025-03-08,40.72081111629837,-73.93360817368064,High
875,Noise Complaint,Closed,Queens,Harlem,2025-01-15,40.8017521788021,-73.80113025057149,Low
876,Noise Complaint,Closed,Queens,Midtown,2025-03-29,40.80465750677653,-74.00989130368016,Low
877,Tree Fallen,Closed,Brooklyn,Harlem,2025-01-14,40.694571830394835,-73.76938165309966,High
878,Noise Complaint,Open,Queens,Queens Village,2025-01-27,40.63996297724099,-73.82457300474061,Low
879,Graffiti,In Progress,Manhattan,Queens Village,2025-01-17,40.78971887693965,-73.76759968216393,Low
880,Garbage Overflow,Closed,Bronx,Midtown,2025-01-06,40.638497758656634,-73.84701482993425,Medium
881,Water Leakage,Closed,Bronx,Midtown,2025-01-10,40.7735477524688,-73.94097882040018,High
882,Noise Complaint,Open,Staten Island,Chinatown,2025-01-15,40.80802663841689,-73.76854564824258,Low
883,Tree Fallen,Open,Manhattan,SoHo,2025-01-20,40.81018344891834,-73.96732996710725,High
884,Graffiti,Closed,Queens,Midtown,2025-02-01,40.82604163319788,-73.95034824338148,Low
885,Garbage Overflow,Closed,Bronx,Chelsea,2025-02-16,40.861857826469695,-73.83975747459948,Medium
886,Streetlight Out,In Progress,Manhattan,Chelsea,2025-01-17,40.74998769758944,-73.82040511014239,Low
887,Streetlight Out,Closed,Bronx,Midtown,2025-02-27,40.81907475685887,-73.77117895484525,Low
888,Garbage Overflow,Closed,Queens,Midtown,2025-03-11,40.785751820609754,-73.98855927728313,Medium
889,Graffiti,Closed,Bronx,Queens Village,2025-03-20,40.65599198193931,-73.81060058943423,Low
890,Tree Fallen,Closed,Staten Island,Chelsea,2025-03-14,40.60770689346082,-73.82843618398091,High
891,Garbage Overflow,Open,Staten Island,Chinatown,2025-01-10,40.68536241570308,-74.03086163312392,Medium
892,Water Leakage,Open,Bronx,Downtown,2025-01-15,40.73291011190128,-73.93383305763693,High
893,Water Leakage,Open,Manhattan,Midtown,2025-02-05,40.785131783328595,-73.96517036288196,High
894,Streetlight Out,Closed,Manhattan,Queens Village,2025-03-17,40.85498779915096,-73.95865287269379,Low
895,Noise Complaint,Closed,Manhattan,Queens Village,2025-01-01,40.65887371501185,-73.75511593613359,Low
896,Tree Fallen,Closed,Bronx,Uptown,2025-01-06,40.63766493696954,-73.85716677595602,High
897,Streetlight Out,In Progress,Manhattan,Chinatown,2025-01-24,40.8890439842423,-73.83469715266195,Low
898,Noise Complaint,In Progress,Queens,Bronx Park,2025-01-31,40.63241336781292,-73.7570147088055,Low
899,Noise Complaint,Closed,Staten Island,Chinatown,2025-02-21,40.74354732103215,-73.93683946526271,Low
900,Broken Sidewalk,In Progress,Queens,Chinatown,2025-02-05,40.77566911863799,-73.80944794946416,Low
901,Water Leakage,Closed,Manhattan,SoHo,2025-02-01,40.76241232627223,-73.91964071100865,High
902,Graffiti,Open,Queens,Brooklyn Heights,2025-03-06,40.62580964710988,-73.7891398984555,Low
903,Pothole,Closed,Manhattan,Bronx Park,2025-01-16,40.617108074201084,-73.99580273760661,Medium
904,Graffiti,Open,Bronx,Uptown,2025-01-22,40.63164502823831,-73.76569414688072,Low
905,Pothole,Closed,Queens,Bronx Park,2025-02-03,40.77567630516178,-73.98436848747673,Medium
906,Garbage Overflow,In Progress,Bronx,Uptown,2025-03-24,40.763303466290296,-73.95213384790571,Medium
907,Water Leakage,Open,Bronx,Bronx Park,2025-01-23,40.670122237611025,-73.82314232976796,High
908,Noise Complaint,Open,Brooklyn,Harlem,2025-01-25,40.79133224255368,-73.93187345753037,Low
909,Tree Fallen,Closed,Manhattan,Downtown,2025-01-18,40.8460202506167,-73.86753658697006,High
910,Pothole,In Progress,Staten Island,Uptown,2025-01-19,40.61247368795398,-73.91662794967917,Medium
911,Graffiti,Closed,Manhattan,Downtown,2025-02-01,40.749438983064415,-73.82728901887306,Low
912,Noise Complaint,Closed,Staten Island,SoHo,2025-01-12,40.806793123630804,-73.98150062428941,Low
913,Pothole,Open,Manhattan,SoHo,2025-01-27,40.67569357812091,-74.03246260382893,Medium
914,Pothole,Open,Bronx,Queens Village,2025-02-05,40.692331271587946,-73.96002118075808,Medium
915,Broken Sidewalk,In Progress,Queens,Uptown,2025-02-06,40.78409137089682,-73.90770740053946,Low
916,Pothole,In Progress,Queens,Downtown,2025-02-09,40.86938058803312,-73.9995939843422,Medium
917,Tree Fallen,Open,Brooklyn,Downtown,2025-03-04,40.84297732609087,-73.94356081310308,High
918,Water Leakage,In Progress,Staten Island,Uptown,2025-02-22,40.774939065729875,-73.93000509451193,High
919,Tree Fallen,Closed,Staten Island,Chinatown,2025-01-02,40.81906651532717,-74.03278244689352,High
920,Streetlight Out,In Progress,Staten Island,Harlem,2025-03-26,40.70944674106234,-73.87500782554474,Low
921,Noise Complaint,Closed,Bronx,Midtown,2025-02-17,40.792289658429624,-73.78469697160861,Low
922,Water Leakage,Closed,Staten Island,Downtown,2025-02-17,40.73985447733827,-74.00447712611408,High
923,Broken Sidewalk,Closed,Queens,Harlem,2025-03-16,40.65698084093727,-73.87065759597955,Low
924,Water Leakage,Closed,Bronx,Queens Village,2025-02-13,40.810521482163175,-73.85057823852675,High
925,Water Leakage,Open,Manhattan,Bronx Park,2025-03-12,40.766939391204644,-73.92419959587421,High
926,Graffiti,Open,Staten Island,Harlem,2025-03-09,40.70758647458608,-73.83967072379072,Low
927,Water Leakage,Closed,Staten Island,Downtown,2025-01-30,40.873401757023586,-73.92678053695269,High
928,Broken Sidewalk,Closed,Manhattan,Midtown,2025-01-10,40.606280235348024,-73.89860881360677,Low
929,Tree Fallen,Closed,Staten Island,Harlem,2025-01-22,40.69473194537485,-74.04779408663367,High
930,Water Leakage,Closed,Manhattan,Uptown,2025-01-13,40.617064419333296,-73.8424839657596,High
931,Garbage Overflow,In Progress,Bronx,Chelsea,2025-03-15,40.829958194866485,-73.85159719631658,Medium
932,Noise Complaint,Open,Queens,Bronx Park,2025-03-02,40.810632236234134,-74.03847973680209,Low
933,Water Leakage,Closed,Manhattan,Queens Village,2025-03-01,40.699405665620894,-73.93952496778145,High
934,Noise Complaint,Closed,Brooklyn,Brooklyn Heights,2025-03-07,40.80269887066212,-73.7562904477625,Low
935,Garbage Overflow,In Progress,Manhattan,Brooklyn Heights,2025-03-19,40.718781167858786,-73.92377903122942,Medium
936,Garbage Overflow,Open,Staten Island,Queens Village,2025-03-04,40.82687613742673,-73.89941637846044,Medium
937,Noise Complaint,Closed,Bronx,Bronx Park,2025-01-08,40.73625509882101,-73.77702095255208,Low
938,Pothole,In Progress,Bronx,SoHo,2025-03-20,40.7236839183495,-73.83482143724028,Medium
939,Streetlight Out,In Progress,Manhattan,Uptown,2025-01-01,40.88041897464649,-73.87537896066273,Low
940,Graffiti,Closed,Queens,Queens Village,2025-01-20,40.67526372996721,-73.81065859559767,Low
941,Pothole,Closed,Brooklyn,Brooklyn Heights,2025-03-31,40.63613420199897,-73.7906901200632,Medium
942,Pothole,Closed,Bronx,Chinatown,2025-03-01,40.77536293397784,-73.91293357847881,Medium
943,Tree Fallen,In Progress,Staten Island,Bronx Park,2025-03-25,40.890796543685255,-73.90746749052045,High
944,Graffiti,Closed,Staten Island,Queens Village,2025-03-23,40.71335176411816,-73.93418471930445,Low
945,Graffiti,Open,Queens,Downtown,2025-01-03,40.61861102908863,-73.75998815799446,Low
946,Pothole,In Progress,Bronx,Bronx Park,2025-03-19,40.70179158019287,-73.8408501237129,Medium
947,Water Leakage,Closed,Manhattan,Downtown,2025-03-31,40.75177949629587,-74.02503308013758,High
948,Tree Fallen,Closed,Staten Island,Midtown,2025-03-08,40.648576901989664,-73.7911121130061,High
949,Tree Fallen,Closed,Queens,Uptown,2025-02-24,40.79743066541695,-73.90583201774912,High
950,Garbage Overflow,Closed,Bronx,Bronx Park,2025-01-21,40.89932481670306,-74.02937382807325,Medium
951,Broken Sidewalk,Closed,Bronx,Uptown,2025-02-04,40.735521842794434,-73.88508482345101,Low
952,Graffiti,Closed,Bronx,Midtown,2025-03-17,40.706418567019064,-73.92485071630729,Low
953,Pothole,Open,Bronx,Chinatown,2025-01-16,40.72021125005034,-73.78667517854122,Medium
954,Garbage Overflow,Closed,Bronx,Uptown,2025-03-14,40.63454385351856,-73.98880161891718,Medium
955,Noise Complaint,In Progress,Staten Island,Queens Village,2025-02-14,40.864982080427865,-73.80206061715235,Low
956,Streetlight Out,Open,Queens,Brooklyn Heights,2025-01-16,40.724447696656405,-73.88269339264436,Low
957,Broken Sidewalk,In Progress,Bronx,Downtown,2025-02-17,40.716182323427454,-74.03361690903596,Low
958,Broken Sidewalk,Closed,Brooklyn,SoHo,2025-02-23,40.79790708187914,-73.75844640960236,Low
959,Broken Sidewalk,In Progress,Brooklyn,Downtown,2025-02-15,40.73261002627934,-73.89621542676903,Low
960,Tree Fallen,Closed,Queens,Brooklyn Heights,2025-01-03,40.79447004064235,-73.96273694373052,High
961,Noise Complaint,Closed,Manhattan,Queens Village,2025-03-14,40.61843388703924,-73.90917794740322,Low
962,Broken Sidewalk,Closed,Manhattan,Bronx Park,2025-02-05,40.844117003116665,-73.79264266494475,Low
963,Noise Complaint,In Progress,Manhattan,Bronx Park,2025-02-23,40.88215118586382,-73.95852906268448,Low
964,Water Leakage,Closed,Brooklyn,Harlem,2025-03-20,40.79462961584782,-73.99219708105399,High
965,Broken Sidewalk,Closed,Manhattan,Downtown,2025-03-12,40.886369778657645,-74.01127862592074,Low
966,Streetlight Out,Closed,Staten Island,SoHo,2025-01-20,40.64542969431099,-73.96064218048294,Low
967,Noise Complaint,In Progress,Bronx,Queens Village,2025-03-13,40.74322485684411,-73.81598557388799,Low
968,Noise Complaint,Closed,Brooklyn,Chinatown,2025-02-09,40.78054202018363,-73.90851209044142,Low
969,Streetlight Out,Closed,Queens,Chinatown,2025-03-16,40.77452099422636,-73.98175551889193,Low
970,Broken Sidewalk,Closed,Queens,Chinatown,2025-02-22,40.720438533726714,-74.00014450011707,Low
971,Streetlight Out,In Progress,Bronx,Brooklyn Heights,2025-02-28,40.70142532280988,-73.95018115704688,Low
972,Noise Complaint,Open,Brooklyn,Midtown,2025-02-24,40.63804720676513,-73.76802268813428,Low
973,Streetlight Out,Closed,Manhattan,SoHo,2025-03-07,40.717522735168686,-73.94709198622299,Low
974,Noise Complaint,Open,Manhattan,Brooklyn Heights,2025-01-16,40.64879824453165,-73.7535627772136,Low
975,Noise Complaint,Closed,Staten Island,Uptown,2025-01-26,40.82030970294767,-73.90443086327039,Low
976,Water Leakage,Closed,Staten Island,Chinatown,2025-01-06,40.66264928064838,-73.99625082451296,High
977,Pothole,Closed,Manhattan,Chinatown,2025-03-10,40.61756959158536,-73.78265797246195,Medium
978,Noise Complaint,Closed,Queens,Brooklyn Heights,2025-03-12,40.76570984134517,-73.91189338805955,Low
979,Broken Sidewalk,Closed,Queens,Downtown,2025-03-11,40.77856891981582,-73.83709859694864,Low
980,Garbage Overflow,Closed,Staten Island,Midtown,2025-01-30,40.86157391838415,-73.75488652503725,Medium
981,Tree Fallen,Closed,Bronx,Chinatown,2025-02-25,40.7730944837253,-74.03494739490401,High
982,Graffiti,Closed,Manhattan,Chelsea,2025-01-12,40.70364425611704,-74.02099163206373,Low
983,Pothole,Closed,Staten Island,Uptown,2025-02-10,40.840903564457896,-73.83386297756117,Medium
984,Pothole,Open,Staten Island,Downtown,2025-01-13,40.762083667956226,-73.96545249901136,Medium
985,Pothole,Closed,Manhattan,Chinatown,2025-01-28,40.62378408538936,-73.99470958091497,Medium
986,Water Leakage,Closed,Manhattan,Midtown,2025-01-19,40.76975516809397,-74.03819143605408,High
987,Noise Complaint,Closed,Queens,Queens Village,2025-01-22,40.8724055636265,-74.04344598640414,Low
988,Water Leakage,Closed,Bronx,Chelsea,2025-03-25,40.71889378764946,-73.81765431906406,High
989,Noise Complaint,Closed,Bronx,Downtown,2025-03-13,40.68889774056994,-74.00966997178914,Low
990,Broken Sidewalk,In Progress,Manhattan,Bronx Park,2025-03-23,40.64304083710541,-73.90968381520865,Low
991,Water Leakage,Closed,Brooklyn,Downtown,2025-03-05,40.64543365658061,-73.86823095544615,High
992,Water Leakage,Closed,Staten Island,Midtown,2025-03-31,40.729831445302544,-73.92149445982935,High
993,Tree Fallen,Open,Staten Island,Chinatown,2025-01-25,40.77870394724846,-74.04186800429913,High
994,Garbage Overflow,Closed,Manhattan,Brooklyn Heights,2025-03-19,40.62418462155088,-73.81494954922363,Medium
995,Water Leakage,Closed,Brooklyn,Chelsea,2025-03-28,40.88187057670755,-74.0468460326375,High
996,Tree Fallen,Closed,Queens,Queens Village,2025-02-14,40.82654008523356,-73.82143303168675,High
997,Streetlight Out,Closed,Manhattan,Midtown,2025-01-02,40.7759871754851,-73.78200865186356,Low
998,Garbage Overflow,Closed,Manhattan,Harlem,2025-03-16,40.8485316012817,-73.92014802368284,Medium
999,Broken Sidewalk,Closed,Staten Island,Midtown,2025-03-01,40.624056027043636,-73.88933725807065,Low
1000,Water Leakage,Closed,Manhattan,Midtown,2025-03-07,40.74305166331994,-73.9069049822147,High
